dataset,model,roc_auc,fpr@70tpr,fpr@75tpr,fpr@80tpr,fpr@85tpr,fpr@90tpr,fpr@95tpr
FashionMNIST,LOF,0.733521957671958,0.296666666666667,0.386666666666667,0.480166666666667,0.674333333333333,0.867,0.951333333333333
FashionMNIST,CBLOF,0.859606878306878,0.144666666666667,0.176666666666667,0.204666666666667,0.261833333333333,0.354833333333333,0.5025
FashionMNIST,HBOS,0.680412698412698,0.467166666666667,0.512,0.579833333333333,0.678,0.7595,0.837166666666667
FashionMNIST,COPOD,0.798843915343915,0.2415,0.262,0.295166666666667,0.3505,0.488666666666667,0.677666666666667
FashionMNIST,ECOD,0.823346031746032,0.196333333333333,0.225666666666667,0.256666666666667,0.294,0.447333333333333,0.621166666666667
FashionMNIST,IForest,0.830853968253968,0.195,0.217166666666667,0.241333333333333,0.2885,0.397833333333333,0.547666666666667
FashionMNIST,HdLOF,0.738383597883598,0.295166666666667,0.374333333333333,0.479,0.597166666666667,0.822833333333333,0.951
FashionMNIST,HdLOF-2l,0.877056084656085,0.12,0.137666666666667,0.160833333333333,0.2125,0.314333333333333,0.445
FashionMNIST,HdLOF-E2,0.70073253968254,0.406833333333333,0.484,0.561333333333333,0.673166666666667,0.773333333333333,0.934333333333333
FashionMNIST,HdLOF-E,0.71066455026455,0.371666666666667,0.449,0.541,0.654833333333333,0.764666666666667,0.935
FashionMNIST,LOF,0.75876164021164,0.267,0.337166666666667,0.466833333333333,0.634,0.841666666666667,0.967833333333333
FashionMNIST,CBLOF,0.940132275132275,0.0726666666666667,0.0838333333333333,0.0976666666666667,0.111833333333333,0.1435,0.182166666666667
FashionMNIST,HBOS,0.789512698412698,0.308666666666667,0.357666666666667,0.391166666666667,0.417166666666667,0.450833333333333,0.499666666666667
FashionMNIST,COPOD,0.925615343915344,0.0876666666666667,0.102,0.113333333333333,0.135166666666667,0.172166666666667,0.235
FashionMNIST,ECOD,0.934988888888889,0.0661666666666667,0.0795,0.097,0.122,0.161,0.222666666666667
FashionMNIST,IForest,0.938522222222222,0.071,0.0801666666666667,0.09,0.116333333333333,0.140666666666667,0.199833333333333
FashionMNIST,HdLOF,0.768226455026455,0.265833333333333,0.337166666666667,0.4425,0.562,0.787833333333333,0.937833333333333
FashionMNIST,HdLOF-2l,0.962144973544974,0.0355,0.0406666666666667,0.053,0.0688333333333333,0.0965,0.129
FashionMNIST,HdLOF-E2,0.735442857142857,0.3255,0.404,0.503,0.6955,0.840333333333333,0.938333333333333
FashionMNIST,HdLOF-E,0.743421693121693,0.3045,0.382333333333333,0.5035,0.686666666666667,0.8405,0.936
FashionMNIST,LOF,0.667059259259259,0.437333333333333,0.524833333333333,0.642166666666667,0.722333333333333,0.909666666666667,0.964
FashionMNIST,CBLOF,0.817407407407407,0.2285,0.259,0.308166666666667,0.399,0.4655,0.616166666666667
FashionMNIST,HBOS,0.428524338624339,0.7415,0.779333333333333,0.799333333333333,0.8295,0.8845,0.9405
FashionMNIST,COPOD,0.690456613756614,0.387666666666667,0.429333333333333,0.482166666666667,0.544,0.5865,0.696833333333333
FashionMNIST,ECOD,0.73745873015873,0.325,0.358333333333333,0.414833333333333,0.475333333333333,0.545833333333333,0.625333333333333
FashionMNIST,IForest,0.761234920634921,0.288833333333333,0.319166666666667,0.372833333333333,0.445333333333333,0.511666666666667,0.607833333333333
FashionMNIST,HdLOF,0.674798412698413,0.4175,0.519,0.5975,0.736166666666667,0.840166666666667,0.959166666666667
FashionMNIST,HdLOF-2l,0.837537830687831,0.185166666666667,0.2205,0.2895,0.366166666666667,0.4155,0.578333333333333
FashionMNIST,HdLOF-E2,0.657243386243386,0.464666666666667,0.5285,0.607333333333333,0.720833333333333,0.799166666666667,0.949
FashionMNIST,HdLOF-E,0.664605291005291,0.45,0.517666666666667,0.6075,0.719,0.800333333333333,0.949166666666667
FashionMNIST,LOF,0.721989947089947,0.311333333333333,0.407333333333333,0.518666666666667,0.7175,0.872666666666667,0.9605
FashionMNIST,CBLOF,0.861116402116402,0.144166666666667,0.169333333333333,0.227,0.274666666666667,0.365666666666667,0.489833333333333
FashionMNIST,HBOS,0.748026455026455,0.3495,0.384666666666667,0.426333333333333,0.496333333333333,0.560666666666667,0.626666666666667
FashionMNIST,COPOD,0.829850793650794,0.209833333333333,0.2375,0.275833333333333,0.309166666666667,0.3765,0.470666666666667
FashionMNIST,ECOD,0.843767724867725,0.183333333333333,0.201333333333333,0.2305,0.2895,0.378833333333333,0.4815
FashionMNIST,IForest,0.83265873015873,0.186333333333333,0.204833333333333,0.2385,0.320166666666667,0.3795,0.491
FashionMNIST,HdLOF,0.724374867724868,0.338833333333333,0.429333333333333,0.521833333333333,0.676666666666667,0.821333333333333,0.960833333333333
FashionMNIST,HdLOF-2l,0.880731746031746,0.127833333333333,0.1595,0.1885,0.241833333333333,0.321333333333333,0.459833333333333
FashionMNIST,HdLOF-E2,0.700554232804233,0.399166666666667,0.469,0.543833333333333,0.712,0.851666666666667,0.958166666666667
FashionMNIST,HdLOF-E,0.706922751322751,0.376333333333333,0.4555,0.534166666666667,0.706833333333333,0.853833333333333,0.958333333333333
FashionMNIST,LOF,0.745949206349207,0.299833333333333,0.384833333333333,0.437666666666667,0.5255,0.723666666666667,0.866166666666667
FashionMNIST,CBLOF,0.814631746031746,0.208166666666667,0.262,0.304333333333333,0.376666666666667,0.459166666666667,0.663666666666667
FashionMNIST,HBOS,0.466137037037037,0.716833333333333,0.743833333333333,0.783666666666667,0.836333333333333,0.8845,0.921833333333333
FashionMNIST,COPOD,0.723543386243386,0.358833333333333,0.402833333333333,0.451333333333333,0.530166666666667,0.621666666666667,0.792833333333333
FashionMNIST,ECOD,0.762455555555556,0.299666666666667,0.343666666666667,0.391,0.4615,0.560333333333333,0.753666666666667
FashionMNIST,IForest,0.777737037037037,0.253833333333333,0.303833333333333,0.380666666666667,0.435,0.512333333333333,0.721333333333333
FashionMNIST,HdLOF,0.743802645502646,0.308833333333333,0.384333333333333,0.4605,0.558,0.671333333333333,0.848833333333333
FashionMNIST,HdLOF-2l,0.829750793650794,0.218666666666667,0.253166666666667,0.3045,0.363333333333333,0.476333333333333,0.5755
FashionMNIST,HdLOF-E2,0.712015079365079,0.393333333333333,0.493166666666667,0.551833333333333,0.6245,0.7255,0.873
FashionMNIST,HdLOF-E,0.718039947089947,0.391833333333333,0.472666666666667,0.544833333333333,0.606,0.702,0.872833333333333
FashionMNIST,LOF,0.79321164021164,0.2615,0.329666666666667,0.408166666666667,0.506666666666667,0.603166666666667,0.725833333333333
FashionMNIST,CBLOF,0.935637566137566,0.0288333333333333,0.037,0.0546666666666667,0.0878333333333333,0.169666666666667,0.408166666666667
FashionMNIST,HBOS,0.881505291005291,0.120833333333333,0.157166666666667,0.2335,0.302333333333333,0.363666666666667,0.563833333333333
FashionMNIST,COPOD,0.918108994708995,0.0358333333333333,0.0635,0.0901666666666667,0.163166666666667,0.277166666666667,0.504
FashionMNIST,ECOD,0.926539682539683,0.0336666666666667,0.0516666666666667,0.0848333333333333,0.123833333333333,0.241166666666667,0.398
FashionMNIST,IForest,0.92829417989418,0.029,0.047,0.0768333333333333,0.121333333333333,0.249166666666667,0.432166666666667
FashionMNIST,HdLOF,0.782487301587302,0.2775,0.352333333333333,0.433833333333333,0.518333333333333,0.625833333333333,0.760833333333333
FashionMNIST,HdLOF-2l,0.935494708994709,0.0226666666666667,0.0376666666666667,0.0541666666666667,0.0903333333333333,0.249166666666667,0.418
FashionMNIST,HdLOF-E2,0.739716402116402,0.377833333333333,0.4505,0.506666666666667,0.598166666666667,0.7085,0.818833333333333
FashionMNIST,HdLOF-E,0.747662962962963,0.369833333333333,0.446333333333333,0.493666666666667,0.5875,0.6965,0.806666666666667
FashionMNIST,LOF,0.620859523809524,0.585833333333333,0.647833333333333,0.737833333333333,0.818,0.886833333333333,0.9535
FashionMNIST,CBLOF,0.703901587301587,0.4065,0.448666666666667,0.5085,0.574333333333333,0.6375,0.781666666666667
FashionMNIST,HBOS,0.427159788359788,0.755833333333333,0.824333333333333,0.879166666666667,0.907,0.933666666666667,0.958
FashionMNIST,COPOD,0.583102645502646,0.533,0.572833333333333,0.610666666666667,0.669,0.764,0.865833333333333
FashionMNIST,ECOD,0.631716402116402,0.459333333333333,0.509333333333333,0.575,0.635166666666667,0.733833333333333,0.846166666666667
FashionMNIST,IForest,0.647010582010582,0.442166666666667,0.490833333333333,0.553166666666667,0.608166666666667,0.696333333333333,0.816166666666667
FashionMNIST,HdLOF,0.630942857142857,0.558166666666667,0.629333333333333,0.6915,0.744833333333333,0.837833333333333,0.957666666666667
FashionMNIST,HdLOF-2l,0.750975661375662,0.340833333333333,0.387666666666667,0.441666666666667,0.543666666666667,0.625166666666667,0.741166666666667
FashionMNIST,HdLOF-E2,0.612947883597884,0.560333333333333,0.629166666666667,0.699833333333333,0.778166666666667,0.870833333333333,0.927166666666667
FashionMNIST,HdLOF-E,0.619710052910053,0.5485,0.6125,0.704666666666667,0.777666666666667,0.865,0.926333333333333
FashionMNIST,LOF,0.802403703703704,0.223833333333333,0.358166666666667,0.431166666666667,0.514,0.633333333333333,0.716166666666667
FashionMNIST,CBLOF,0.953719576719577,0.0221666666666667,0.0278333333333333,0.0421666666666667,0.0706666666666667,0.155,0.250833333333333
FashionMNIST,HBOS,0.931555555555556,0.0225,0.039,0.0536666666666667,0.107833333333333,0.267166666666667,0.433
FashionMNIST,COPOD,0.948222751322751,0.0108333333333333,0.017,0.0228333333333333,0.0755,0.222,0.325
FashionMNIST,ECOD,0.950287830687831,0.0103333333333333,0.0165,0.021,0.0868333333333333,0.197833333333333,0.318833333333333
FashionMNIST,IForest,0.954589947089947,0.01,0.0155,0.0208333333333333,0.0658333333333333,0.154666666666667,0.316333333333333
FashionMNIST,HdLOF,0.796665608465608,0.216833333333333,0.3425,0.419833333333333,0.524333333333333,0.664666666666667,0.809333333333333
FashionMNIST,HdLOF-2l,0.956757671957672,0.0113333333333333,0.0135,0.0215,0.0738333333333333,0.173833333333333,0.286166666666667
FashionMNIST,HdLOF-E2,0.761072751322751,0.330666666666667,0.403333333333333,0.514666666666667,0.604333333333333,0.754,0.8755
FashionMNIST,HdLOF-E,0.766780952380953,0.322166666666667,0.390833333333333,0.494,0.602166666666667,0.750166666666667,0.868666666666667
FashionMNIST,LOF,0.720150264550265,0.385833333333333,0.44,0.504166666666667,0.580666666666667,0.657666666666667,0.7625
FashionMNIST,CBLOF,0.753966666666667,0.347666666666667,0.376833333333333,0.414166666666667,0.459333333333333,0.515,0.5525
FashionMNIST,HBOS,0.597597354497355,0.573,0.622666666666667,0.668666666666667,0.7345,0.804333333333333,0.868666666666667
FashionMNIST,COPOD,0.680254497354497,0.435333333333333,0.489166666666667,0.537166666666667,0.581166666666667,0.629,0.744166666666667
FashionMNIST,ECOD,0.70708253968254,0.393333333333333,0.441166666666667,0.469833333333333,0.518,0.597166666666667,0.684
FashionMNIST,IForest,0.734800529100529,0.392333333333333,0.428,0.469,0.5135,0.545833333333333,0.631
FashionMNIST,HdLOF,0.70292328042328,0.403833333333333,0.473333333333333,0.527833333333333,0.619333333333333,0.728666666666667,0.861666666666667
FashionMNIST,HdLOF-2l,0.776808465608466,0.302166666666667,0.343666666666667,0.398166666666667,0.442166666666667,0.491166666666667,0.546833333333333
FashionMNIST,HdLOF-E2,0.661140211640212,0.450666666666667,0.539,0.638666666666667,0.749833333333333,0.843,0.9255
FashionMNIST,HdLOF-E,0.665125132275132,0.447333333333333,0.541833333333333,0.644833333333333,0.7505,0.840333333333333,0.923666666666667
FashionMNIST,LOF,0.871409523809524,0.120833333333333,0.1735,0.210166666666667,0.314333333333333,0.405166666666667,0.515
FashionMNIST,CBLOF,0.945348148148148,0.0448333333333333,0.0508333333333333,0.0616666666666667,0.0765,0.105833333333333,0.280666666666667
FashionMNIST,HBOS,0.904351322751323,0.0666666666666667,0.0913333333333333,0.139666666666667,0.1845,0.326666666666667,0.523333333333333
FashionMNIST,COPOD,0.941101587301587,0.0385,0.0503333333333333,0.0596666666666667,0.0898333333333333,0.15,0.355833333333333
FashionMNIST,ECOD,0.949738624338624,0.035,0.042,0.0525,0.0796666666666667,0.128666666666667,0.292166666666667
FashionMNIST,IForest,0.937240211640212,0.0435,0.0556666666666667,0.0723333333333333,0.100666666666667,0.185666666666667,0.427333333333333
FashionMNIST,HdLOF,0.863820105820106,0.134,0.1625,0.2205,0.309333333333333,0.435166666666667,0.571166666666667
FashionMNIST,HdLOF-2l,0.952859259259259,0.03,0.0381666666666667,0.0496666666666667,0.0606666666666667,0.0906666666666667,0.295333333333333
FashionMNIST,HdLOF-E2,0.79452671957672,0.253666666666667,0.3095,0.3625,0.508666666666667,0.602166666666667,0.782666666666667
FashionMNIST,HdLOF-E,0.805885714285714,0.229333333333333,0.272666666666667,0.335,0.471166666666667,0.590666666666667,0.775333333333333
MVTec-AD,LOF,0.93311152699799,0.0567685589519651,0.0655021834061135,0.091703056768559,0.152838427947598,0.187772925764192,0.200873362445415
MVTec-AD,CBLOF,0.966035904900534,0,0,0.0262008733624454,0.0393013100436681,0.100436681222707,0.126637554585153
MVTec-AD,HBOS,0.963124696749151,0,0,0.0131004366812227,0.0262008733624454,0.091703056768559,0.218340611353712
MVTec-AD,COPOD,0.963194011228946,0,0,0.0218340611353712,0.0262008733624454,0.131004366812227,0.196506550218341
MVTec-AD,ECOD,0.932418382200042,0.0349344978165939,0.0349344978165939,0.0655021834061135,0.131004366812227,0.187772925764192,0.436681222707424
MVTec-AD,IForest,0.95536147501213,0.00436681222707424,0.00436681222707424,0.0218340611353712,0.0393013100436681,0.131004366812227,0.414847161572052
MVTec-AD,HdLOF,0.902613155888265,0.0786026200873363,0.109170305676856,0.165938864628821,0.22707423580786,0.366812227074236,0.432314410480349
MVTec-AD,HdLOF-2l,0.971165176405351,0.00436681222707424,0.00436681222707424,0.00436681222707424,0.00873362445414847,0.0829694323144105,0.170305676855895
MVTec-AD,HdLOF-E2,0.863415817564289,0.218340611353712,0.22707423580786,0.253275109170306,0.323144104803493,0.349344978165939,0.506550218340611
MVTec-AD,HdLOF-E,0.873986275733001,0.170305676855895,0.218340611353712,0.253275109170306,0.270742358078603,0.296943231441048,0.497816593886463
MVTec-AD,LOF,0.729185938945421,0.354609929078014,0.393617021276596,0.50354609929078,0.638297872340426,0.74468085106383,0.801418439716312
MVTec-AD,CBLOF,0.718547641073081,0.358156028368794,0.460992907801418,0.514184397163121,0.666666666666667,0.734042553191489,0.868794326241135
MVTec-AD,HBOS,0.671330558125193,0.436170212765957,0.50354609929078,0.556737588652482,0.734042553191489,0.847517730496454,0.936170212765958
MVTec-AD,COPOD,0.673990132593278,0.429078014184397,0.51063829787234,0.581560283687943,0.652482269503546,0.804964539007092,0.921985815602837
MVTec-AD,ECOD,0.685168054270737,0.471631205673759,0.521276595744681,0.539007092198582,0.588652482269504,0.776595744680851,0.911347517730497
MVTec-AD,IForest,0.687557816836263,0.475177304964539,0.5,0.556737588652482,0.663120567375887,0.734042553191489,0.861702127659574
MVTec-AD,HdLOF,0.733040394696269,0.329787234042553,0.404255319148936,0.521276595744681,0.624113475177305,0.716312056737589,0.812056737588653
MVTec-AD,HdLOF-2l,0.702012025901943,0.375886524822695,0.453900709219858,0.556737588652482,0.695035460992908,0.74822695035461,0.865248226950355
MVTec-AD,HdLOF-E2,0.745162658032686,0.333333333333333,0.361702127659575,0.443262411347518,0.556737588652482,0.684397163120567,0.783687943262411
MVTec-AD,HdLOF-E,0.747263336416898,0.333333333333333,0.358156028368794,0.446808510638298,0.549645390070922,0.677304964539007,0.773049645390071
MVTec-AD,LOF,0.671127454697096,0.528925619834711,0.566115702479339,0.582644628099174,0.669421487603306,0.739669421487603,0.859504132231405
MVTec-AD,CBLOF,0.627265145196755,0.533057851239669,0.570247933884298,0.685950413223141,0.735537190082645,0.81404958677686,0.962809917355372
MVTec-AD,HBOS,0.649404807036166,0.504132231404959,0.520661157024793,0.553719008264463,0.628099173553719,0.78099173553719,0.892561983471074
MVTec-AD,COPOD,0.644855561452726,0.520661157024793,0.553719008264463,0.590909090909091,0.644628099173554,0.801652892561984,0.871900826446281
MVTec-AD,ECOD,0.644855561452726,0.504132231404959,0.533057851239669,0.599173553719008,0.698347107438017,0.764462809917355,0.871900826446281
MVTec-AD,IForest,0.652665099704299,0.5,0.549586776859504,0.590909090909091,0.628099173553719,0.665289256198347,0.830578512396694
MVTec-AD,HdLOF,0.687353097278035,0.462809917355372,0.541322314049587,0.607438016528926,0.681818181818182,0.81404958677686,0.913223140495868
MVTec-AD,HdLOF-2l,0.672871332170749,0.483471074380165,0.491735537190083,0.599173553719008,0.681818181818182,0.772727272727273,0.84297520661157
MVTec-AD,HdLOF-E2,0.695503828948366,0.450413223140496,0.557851239669422,0.648760330578512,0.731404958677686,0.793388429752066,0.925619834710744
MVTec-AD,HdLOF-E,0.694783531730988,0.450413223140496,0.56198347107438,0.65702479338843,0.739669421487603,0.793388429752066,0.921487603305785
MVTec-AD,LOF,0.700094848971253,0.412337662337662,0.487012987012987,0.574675324675325,0.652597402597403,0.707792207792208,0.824675324675325
MVTec-AD,CBLOF,0.69761418356924,0.399350649350649,0.435064935064935,0.633116883116883,0.727272727272727,0.792207792207792,0.850649350649351
MVTec-AD,HBOS,0.710564716182694,0.451298701298701,0.477272727272727,0.616883116883117,0.701298701298701,0.850649350649351,0.941558441558442
MVTec-AD,COPOD,0.727783452502554,0.36038961038961,0.474025974025974,0.574675324675325,0.636363636363636,0.798701298701299,0.88961038961039
MVTec-AD,ECOD,0.689588501386254,0.483766233766234,0.532467532467532,0.587662337662338,0.642857142857143,0.795454545454545,0.918831168831169
MVTec-AD,IForest,0.70359696483292,0.412337662337662,0.431818181818182,0.574675324675325,0.649350649350649,0.795454545454545,0.944805194805195
MVTec-AD,HdLOF,0.682985553772071,0.422077922077922,0.50974025974026,0.62012987012987,0.678571428571429,0.814935064935065,0.892857142857143
MVTec-AD,HdLOF-2l,0.707099080694586,0.38961038961039,0.451298701298701,0.548701298701299,0.672077922077922,0.733766233766234,0.88961038961039
MVTec-AD,HdLOF-E2,0.69199620604115,0.422077922077922,0.496753246753247,0.584415584415584,0.642857142857143,0.808441558441558,0.87012987012987
MVTec-AD,HdLOF-E,0.692251568656063,0.422077922077922,0.5,0.587662337662338,0.63961038961039,0.808441558441558,0.87012987012987
MVTec-AD,LOF,0.61969836872884,0.585964912280702,0.687719298245614,0.740350877192982,0.856140350877193,0.940350877192983,0.975438596491228
MVTec-AD,CBLOF,0.649122807017544,0.515789473684211,0.635087719298246,0.726315789473684,0.757894736842105,0.807017543859649,0.842105263157895
MVTec-AD,HBOS,0.53419513696522,0.621052631578947,0.680701754385965,0.705263157894737,0.789473684210526,0.859649122807018,0.891228070175439
MVTec-AD,COPOD,0.611080332409972,0.571929824561404,0.68421052631579,0.691228070175439,0.757894736842105,0.810526315789474,0.943859649122807
MVTec-AD,ECOD,0.604001231148046,0.592982456140351,0.63859649122807,0.775438596491228,0.831578947368421,0.845614035087719,0.947368421052632
MVTec-AD,IForest,0.614096645121576,0.614035087719298,0.624561403508772,0.649122807017544,0.775438596491228,0.852631578947368,0.985964912280702
MVTec-AD,HdLOF,0.654478301015697,0.480701754385965,0.582456140350877,0.691228070175439,0.733333333333333,0.807017543859649,0.933333333333333
MVTec-AD,HdLOF-2l,0.653924284395199,0.533333333333333,0.617543859649123,0.698245614035088,0.708771929824561,0.768421052631579,0.950877192982456
MVTec-AD,HdLOF-E2,0.692428439519852,0.410526315789474,0.456140350877193,0.543859649122807,0.747368421052632,0.768421052631579,0.866666666666667
MVTec-AD,HdLOF-E,0.691782086795937,0.421052631578947,0.463157894736842,0.547368421052632,0.740350877192982,0.778947368421053,0.870175438596491
MVTec-AD,LOF,0.732084852502486,0.350348027842227,0.445475638051044,0.552204176334107,0.654292343387471,0.721577726218098,0.849187935034803
MVTec-AD,CBLOF,0.737653297978124,0.329466357308585,0.436194895591647,0.519721577726218,0.647331786542923,0.684454756380511,0.823665893271462
MVTec-AD,HBOS,0.749883990719258,0.375870069605568,0.440835266821346,0.552204176334107,0.633410672853828,0.677494199535963,0.791183294663573
MVTec-AD,COPOD,0.732714617169374,0.382830626450116,0.512761020881671,0.589327146171694,0.642691415313225,0.723897911832947,0.835266821345708
MVTec-AD,ECOD,0.698276433543255,0.489559164733179,0.545243619489559,0.621809744779582,0.740139211136891,0.756380510440835,0.835266821345708
MVTec-AD,IForest,0.706165064633742,0.378190255220418,0.48491879350348,0.658932714617169,0.677494199535963,0.795823665893272,0.88631090487239
MVTec-AD,HdLOF,0.728737156115346,0.387470997679814,0.447795823665893,0.491879350348028,0.670533642691415,0.744779582366589,0.807424593967517
MVTec-AD,HdLOF-2l,0.721014252568777,0.352668213457077,0.410672853828306,0.545243619489559,0.679814385150812,0.774941995359629,0.814385150812065
MVTec-AD,HdLOF-E2,0.752220749088499,0.389791183294664,0.450116009280742,0.48491879350348,0.617169373549884,0.672853828306265,0.719257540603248
MVTec-AD,HdLOF-E,0.751541266158436,0.389791183294664,0.461716937354988,0.48723897911833,0.621809744779582,0.668213457076566,0.71461716937355
MVTec-AD,LOF,0.899662533354262,0.133574007220217,0.151624548736462,0.187725631768953,0.227436823104693,0.24187725631769,0.296028880866426
MVTec-AD,CBLOF,0.985206404018208,0.0072202166064982,0.0072202166064982,0.0180505415162455,0.0288808664259928,0.0324909747292419,0.0613718411552347
MVTec-AD,HBOS,0.989719039397269,0,0.0072202166064982,0.0072202166064982,0.0252707581227437,0.036101083032491,0.0505415162454874
MVTec-AD,COPOD,0.98532412494114,0.0036101083032491,0.0072202166064982,0.0072202166064982,0.036101083032491,0.0469314079422383,0.0577617328519856
MVTec-AD,ECOD,0.972257102495684,0.0072202166064982,0.0108303249097473,0.0144404332129964,0.0613718411552347,0.0794223826714802,0.180505415162455
MVTec-AD,IForest,0.980222884947418,0.0072202166064982,0.0108303249097473,0.0216606498194946,0.0324909747292419,0.0433212996389892,0.140794223826715
MVTec-AD,HdLOF,0.885143619525977,0.133574007220217,0.169675090252708,0.212996389891697,0.263537906137184,0.317689530685921,0.368231046931408
MVTec-AD,HdLOF-2l,0.986736776016324,0.0108303249097473,0.0180505415162455,0.0216606498194946,0.0288808664259928,0.0324909747292419,0.0505415162454874
MVTec-AD,HdLOF-E2,0.872527860618427,0.133574007220217,0.151624548736462,0.220216606498195,0.288808664259928,0.332129963898917,0.483754512635379
MVTec-AD,HdLOF-E,0.874587976769738,0.133574007220217,0.144404332129964,0.227436823104693,0.288808664259928,0.332129963898917,0.462093862815885
MVTec-AD,LOF,0.664996490208893,0.460750853242321,0.559726962457338,0.645051194539249,0.668941979522184,0.808873720136519,0.870307167235495
MVTec-AD,CBLOF,0.649408176603006,0.501706484641638,0.556313993174061,0.631399317406143,0.706484641638225,0.771331058020478,0.9419795221843
MVTec-AD,HBOS,0.634086123012127,0.539249146757679,0.62457337883959,0.709897610921502,0.815699658703072,0.870307167235495,0.9419795221843
MVTec-AD,COPOD,0.650933120325321,0.511945392491468,0.569965870307167,0.679180887372014,0.750853242320819,0.843003412969283,0.921501706484642
MVTec-AD,ECOD,0.617263331154842,0.539249146757679,0.699658703071672,0.757679180887372,0.791808873720137,0.849829351535836,0.938566552901024
MVTec-AD,IForest,0.632924261128459,0.532423208191126,0.604095563139932,0.658703071672355,0.798634812286689,0.870307167235495,0.921501706484642
MVTec-AD,HdLOF,0.664996490208893,0.467576791808874,0.535836177474403,0.607508532423208,0.723549488054608,0.778156996587031,0.911262798634812
MVTec-AD,HdLOF-2l,0.660615302689226,0.467576791808874,0.58703071672355,0.648464163822526,0.696245733788396,0.805460750853242,0.843003412969283
MVTec-AD,HdLOF-E2,0.665952605717329,0.464163822525597,0.549488054607509,0.593856655290102,0.655290102389079,0.778156996587031,0.904436860068259
MVTec-AD,HdLOF-E,0.66632779028393,0.47098976109215,0.556313993174061,0.590443686006826,0.651877133105802,0.784982935153584,0.907849829351536
MVTec-AD,LOF,0.860603064755314,0.169117647058824,0.176470588235294,0.198529411764706,0.257352941176471,0.286764705882353,0.477941176470588
MVTec-AD,CBLOF,0.823405832921404,0.213235294117647,0.264705882352941,0.301470588235294,0.404411764705882,0.481617647058824,0.584558823529412
MVTec-AD,HBOS,0.786115916955017,0.294117647058824,0.330882352941176,0.382352941176471,0.444852941176471,0.470588235294118,0.5625
MVTec-AD,COPOD,0.801686851211073,0.242647058823529,0.297794117647059,0.363970588235294,0.408088235294118,0.455882352941176,0.613970588235294
MVTec-AD,ECOD,0.785714285714286,0.275735294117647,0.352941176470588,0.375,0.422794117647059,0.459558823529412,0.705882352941177
MVTec-AD,IForest,0.802860850222442,0.224264705882353,0.297794117647059,0.349264705882353,0.419117647058824,0.503676470588235,0.639705882352941
MVTec-AD,HdLOF,0.860386801779535,0.1875,0.194852941176471,0.202205882352941,0.224264705882353,0.301470588235294,0.426470588235294
MVTec-AD,HdLOF-2l,0.839625556104795,0.227941176470588,0.257352941176471,0.283088235294118,0.323529411764706,0.356617647058824,0.408088235294118
MVTec-AD,HdLOF-E2,0.888300173010381,0.136029411764706,0.147058823529412,0.158088235294118,0.1875,0.231617647058824,0.4375
MVTec-AD,HdLOF-E,0.888979856648542,0.136029411764706,0.147058823529412,0.158088235294118,0.202205882352941,0.220588235294118,0.408088235294118
20news,LOF,0.771356028168017,0.31267029972752,0.347411444141689,0.385558583106267,0.415871934604905,0.51941416893733,0.710490463215259
20news,CBLOF,0.748889734243958,0.342983651226158,0.366485013623978,0.395776566757493,0.422343324250681,0.551089918256131,0.627724795640327
20news,HBOS,0.692664283944938,0.428133514986376,0.483651226158038,0.524182561307902,0.559264305177112,0.617506811989101,0.733991825613079
20news,COPOD,0.70535493117237,0.426089918256131,0.492847411444142,0.52350136239782,0.550408719346049,0.596730245231608,0.696866485013624
20news,ECOD,0.702408967054744,0.422683923705722,0.470027247956403,0.533378746594005,0.550068119891008,0.618869209809264,0.688010899182561
20news,IForest,0.709459818111044,0.420299727520436,0.447207084468665,0.498978201634877,0.573569482288828,0.642029972752044,0.740803814713896
20news,HdLOF,0.766286846668318,0.286103542234332,0.329700272479564,0.413828337874659,0.450953678474114,0.522820163487738,0.768392370572207
20news,HdLOF-2l,0.720524877030327,0.334128065395095,0.436648501362398,0.548705722070845,0.627724795640327,0.793596730245232,0.940395095367847
20news,HdLOF-E2,0.749039022966135,0.357629427792916,0.426430517711172,0.473773841961853,0.522138964577657,0.587874659400545,0.736376021798365
20news,HdLOF-E,0.74894281467851,0.368188010899183,0.42200272479564,0.473092643051771,0.525885558583106,0.586852861035422,0.731948228882834
20news,LOF,0.552706571787359,0.650062787777313,0.699037254081206,0.734198409376308,0.813311008790289,0.878610297195479,0.925910422771034
20news,CBLOF,0.517870238593554,0.729175387191293,0.772289660946003,0.824194223524487,0.86395981582252,0.912515696944328,0.943072415236501
20news,HBOS,0.474394307241524,0.73252406864797,0.762243616575973,0.79321892005023,0.884889074926748,0.915027208036836,0.962745918794475
20news,COPOD,0.474002511511093,0.730431142737547,0.785684386772708,0.841356215989954,0.860192549183759,0.917120133947258,0.964838844704897
20news,ECOD,0.468935956467141,0.75554625366262,0.780661364587694,0.809125156969443,0.876517371285057,0.911678526580159,0.958141481791545
20news,IForest,0.481064880703223,0.731268313101716,0.786940142318962,0.838426119715362,0.858099623273336,0.891586437840101,0.943491000418585
20news,HdLOF,0.565434910004186,0.599413980745082,0.667224780242779,0.755964838844705,0.813729593972373,0.874005860192549,0.943072415236501
20news,HdLOF-2l,0.521312683131017,0.676852239430724,0.758894935119297,0.789870238593554,0.834240267894517,0.914190037672666,0.944328170782754
20news,HdLOF-E2,0.586493093344496,0.565508580996233,0.659690246965258,0.737547090832985,0.798241942235245,0.853495186270406,0.914190037672666
20news,HdLOF-E,0.585627459187945,0.570950188363332,0.646714106320636,0.739640016743407,0.801172038509837,0.85475094181666,0.912934282126413
20news,LOF,0.530026983673858,0.689001264222503,0.74125579435314,0.785503581963759,0.820480404551201,0.878634639696587,0.927939317319848
20news,CBLOF,0.480759688974077,0.752212389380531,0.793088916982722,0.839865149599663,0.884955752212389,0.919511167298778,0.949009692372524
20news,HBOS,0.44975905006593,0.762326169405815,0.804888327012221,0.858828487147071,0.894226717235567,0.941002949852507,0.959966287399916
20news,COPOD,0.446268844391882,0.778761061946903,0.816266329540666,0.85630004214075,0.906026127265065,0.946481247366203,0.970922882427307
20news,ECOD,0.477232100376548,0.710914454277286,0.772018541930046,0.804466919511167,0.853350189633376,0.944795617361989,0.980615254951538
20news,IForest,0.460685059065019,0.770754319426886,0.800674252001686,0.854614412136536,0.874841972187105,0.928360724820902,0.964180362410451
20news,HdLOF,0.542968272093308,0.636746734091867,0.677201854193005,0.738727349346818,0.804045512010114,0.887905604719764,0.926675094816688
20news,HdLOF-2l,0.476599989124968,0.755583649388959,0.796460176991151,0.828908554572271,0.858407079646018,0.916561314791403,0.930046354825116
20news,HdLOF-E2,0.556971575384364,0.581963758954909,0.662031184155078,0.728613569321534,0.79519595448799,0.886641382216604,0.950273914875685
20news,HdLOF-E,0.557005559860256,0.582385166455963,0.666245259165613,0.731984829329962,0.796881584492204,0.888748419721871,0.950273914875685
20news,LOF,0.675384615384615,0.411965811965812,0.488888888888889,0.584615384615385,0.707692307692308,0.712820512820513,0.911111111111111
20news,CBLOF,0.66957264957265,0.45982905982906,0.51965811965812,0.560683760683761,0.647863247863248,0.687179487179487,0.964102564102564
20news,HBOS,0.627920227920228,0.45982905982906,0.567521367521368,0.598290598290598,0.818803418803419,0.84957264957265,0.905982905982906
20news,COPOD,0.654586894586895,0.464957264957265,0.562393162393162,0.577777777777778,0.735042735042735,0.735042735042735,0.851282051282051
20news,ECOD,0.652820512820513,0.485470085470085,0.502564102564103,0.543589743589744,0.675213675213675,0.75042735042735,0.85982905982906
20news,IForest,0.672877492877493,0.464957264957265,0.535042735042735,0.596581196581197,0.658119658119658,0.664957264957265,0.892307692307692
20news,HdLOF,0.67031339031339,0.432478632478633,0.541880341880342,0.541880341880342,0.675213675213675,0.758974358974359,0.868376068376068
20news,HdLOF-2l,0.691794871794872,0.451282051282051,0.485470085470085,0.500854700854701,0.591452991452992,0.733333333333333,0.957264957264957
20news,HdLOF-E2,0.68037037037037,0.418803418803419,0.454700854700855,0.588034188034188,0.71965811965812,0.741880341880342,0.815384615384615
20news,HdLOF-E,0.683817663817664,0.420512820512821,0.487179487179487,0.54017094017094,0.736752136752137,0.738461538461539,0.786324786324786
20news,LOF,0.57144018583043,0.615238095238095,0.664126984126984,0.709206349206349,0.73968253968254,0.796190476190476,0.904126984126984
20news,CBLOF,0.527313201703446,0.66031746031746,0.707301587301587,0.782222222222222,0.836825396825397,0.911746031746032,0.947301587301587
20news,HBOS,0.528257839721254,0.721269841269841,0.746666666666667,0.794920634920635,0.810793650793651,0.845714285714286,0.953650793650794
20news,COPOD,0.509039876113047,0.713650793650794,0.74984126984127,0.77968253968254,0.803809523809524,0.902222222222222,0.926349206349206
20news,ECOD,0.536968641114983,0.678095238095238,0.718730158730159,0.753650793650794,0.829206349206349,0.845714285714286,0.897777777777778
20news,IForest,0.536612466124661,0.657142857142857,0.721904761904762,0.763174603174603,0.794285714285714,0.828571428571429,0.886984126984127
20news,HdLOF,0.605927216415021,0.532698412698413,0.61015873015873,0.653333333333333,0.72952380952381,0.819047619047619,0.892063492063492
20news,HdLOF-2l,0.509852884243128,0.669206349206349,0.732698412698413,0.761904761904762,0.782857142857143,0.892063492063492,0.949206349206349
20news,HdLOF-E2,0.613228803716609,0.551111111111111,0.601269841269841,0.634920634920635,0.718730158730159,0.794920634920635,0.82984126984127
20news,HdLOF-E,0.611784746418893,0.553015873015873,0.607619047619048,0.643174603174603,0.720634920634921,0.796190476190476,0.82984126984127
20news,LOF,0.560123264893002,0.657967032967033,0.694368131868132,0.721153846153846,0.765796703296703,0.811813186813187,0.929945054945055
20news,CBLOF,0.530716816078658,0.638736263736264,0.67445054945055,0.727335164835165,0.779532967032967,0.913461538461538,0.95260989010989
20news,HBOS,0.529451633892423,0.668956043956044,0.683379120879121,0.74793956043956,0.782967032967033,0.842032967032967,0.942307692307692
20news,COPOD,0.507817018507808,0.678571428571429,0.712225274725275,0.760989010989011,0.807692307692308,0.864697802197802,0.958791208791209
20news,ECOD,0.525150014459225,0.729395604395604,0.772664835164835,0.8125,0.864697802197802,0.896291208791209,0.944368131868132
20news,IForest,0.541208791208791,0.618818681318681,0.695054945054945,0.725961538461538,0.831730769230769,0.855769230769231,0.921703296703297
20news,HdLOF,0.565211104684789,0.611263736263736,0.683379120879121,0.697115384615385,0.771978021978022,0.847527472527473,0.966346153846154
20news,HdLOF-2l,0.509515977443609,0.714972527472528,0.752747252747253,0.804258241758242,0.832417582417583,0.862637362637363,0.942307692307692
20news,HdLOF-E2,0.601806499421631,0.611263736263736,0.643543956043956,0.662774725274725,0.70467032967033,0.811813186813187,0.89217032967033
20news,HdLOF-E,0.59956983805668,0.599587912087912,0.647664835164835,0.665521978021978,0.708791208791209,0.813186813186813,0.888736263736264
MNIST-C,LOF,0.727405052631579,0.365578947368421,0.396842105263158,0.445684210526316,0.485894736842105,0.552526315789474,0.640526315789474
MNIST-C,CBLOF,0.747632421052632,0.316631578947368,0.348105263157895,0.413684210526316,0.464526315789474,0.57621052631579,0.693684210526316
MNIST-C,HBOS,0.542099368421053,0.616105263157895,0.666842105263158,0.746105263157895,0.782736842105263,0.832,0.889684210526316
MNIST-C,COPOD,0.637969684210526,0.473894736842105,0.526947368421053,0.589157894736842,0.66,0.737157894736842,0.813684210526316
MNIST-C,ECOD,0.644626736842105,0.468842105263158,0.521578947368421,0.583578947368421,0.641368421052632,0.72621052631579,0.81221052631579
MNIST-C,IForest,0.666023157894737,0.424526315789474,0.469789473684211,0.522736842105263,0.622736842105263,0.698421052631579,0.797263157894737
MNIST-C,HdLOF,0.700948842105263,0.390631578947368,0.436105263157895,0.485578947368421,0.552315789473684,0.619263157894737,0.745894736842105
MNIST-C,HdLOF-2l,0.76355,0.299894736842105,0.343578947368421,0.373894736842105,0.436947368421053,0.506210526315789,0.640842105263158
MNIST-C,HdLOF-E2,0.672067789473684,0.450421052631579,0.500105263157895,0.557578947368421,0.618210526315789,0.67221052631579,0.805263157894737
MNIST-C,HdLOF-E,0.674999578947368,0.443368421052632,0.491473684210526,0.552421052631579,0.620526315789474,0.671894736842105,0.801368421052632
MNIST-C,LOF,0.689840526315789,0.397473684210526,0.440631578947368,0.483473684210526,0.556526315789474,0.611473684210526,0.726421052631579
MNIST-C,CBLOF,0.762419263157895,0.31021052631579,0.346736842105263,0.390842105263158,0.437368421052632,0.480105263157895,0.566842105263158
MNIST-C,HBOS,0.676494105263158,0.430315789473684,0.472105263157895,0.526631578947369,0.583052631578947,0.651052631578947,0.758210526315789
MNIST-C,COPOD,0.667678105263158,0.442421052631579,0.490736842105263,0.529157894736842,0.569578947368421,0.655368421052632,0.709157894736842
MNIST-C,ECOD,0.679459368421053,0.416947368421053,0.469368421052632,0.517578947368421,0.554526315789474,0.601789473684211,0.691894736842105
MNIST-C,IForest,0.700638947368421,0.415263157894737,0.447263157894737,0.495789473684211,0.542842105263158,0.6,0.705578947368421
MNIST-C,HdLOF,0.661006947368421,0.438947368421053,0.493894736842105,0.557473684210526,0.610842105263158,0.699789473684211,0.82421052631579
MNIST-C,HdLOF-2l,0.769822631578947,0.310315789473684,0.347684210526316,0.383894736842105,0.420421052631579,0.466,0.525473684210526
MNIST-C,HdLOF-E2,0.61623852631579,0.535368421052632,0.592736842105263,0.648105263157895,0.716105263157895,0.783578947368421,0.880526315789474
MNIST-C,HdLOF-E,0.619615263157895,0.537263157894737,0.589578947368421,0.638421052631579,0.706736842105263,0.776947368421053,0.877578947368421
MNIST-C,LOF,0.858160631578948,0.187789473684211,0.212631578947368,0.239157894736842,0.275684210526316,0.342947368421053,0.403473684210526
MNIST-C,CBLOF,0.760215578947369,0.324947368421053,0.368736842105263,0.421263157894737,0.49221052631579,0.561684210526316,0.668
MNIST-C,HBOS,0.622594105263158,0.505578947368421,0.555157894736842,0.621894736842105,0.659473684210526,0.713368421052632,0.789473684210526
MNIST-C,COPOD,0.703727578947368,0.387789473684211,0.432736842105263,0.482947368421053,0.537473684210526,0.617263157894737,0.707052631578947
MNIST-C,ECOD,0.731904,0.344631578947368,0.400315789473684,0.442421052631579,0.500842105263158,0.558421052631579,0.668736842105263
MNIST-C,IForest,0.734453052631579,0.361368421052632,0.401684210526316,0.44221052631579,0.510736842105263,0.579684210526316,0.669473684210526
MNIST-C,HdLOF,0.843810842105263,0.196526315789474,0.234105263157895,0.259368421052632,0.303789473684211,0.357684210526316,0.457684210526316
MNIST-C,HdLOF-2l,0.835952947368421,0.202210526315789,0.242526315789474,0.287157894736842,0.323263157894737,0.391368421052632,0.488631578947368
MNIST-C,HdLOF-E2,0.826949894736842,0.222105263157895,0.241263157894737,0.278526315789474,0.343052631578947,0.42821052631579,0.516631578947368
MNIST-C,HdLOF-E,0.829314105263158,0.214947368421053,0.241052631578947,0.271157894736842,0.338526315789474,0.42,0.516421052631579
MNIST-C,LOF,0.550306947368421,0.673052631578947,0.711894736842105,0.77,0.815894736842105,0.876736842105263,0.952315789473684
MNIST-C,CBLOF,0.802988,0.276526315789474,0.307684210526316,0.334526315789474,0.374526315789474,0.419684210526316,0.488
MNIST-C,HBOS,0.533515368421053,0.590736842105263,0.644631578947368,0.694631578947368,0.750526315789474,0.796526315789474,0.858947368421053
MNIST-C,COPOD,0.757500421052632,0.325894736842105,0.362526315789474,0.408421052631579,0.458947368421053,0.517684210526316,0.620421052631579
MNIST-C,ECOD,0.766544842105263,0.316736842105263,0.344210526315789,0.396736842105263,0.43621052631579,0.501894736842105,0.601789473684211
MNIST-C,IForest,0.754503368421053,0.331894736842105,0.375578947368421,0.422105263157895,0.471473684210526,0.559263157894737,0.652
MNIST-C,HdLOF,0.552813473684211,0.675473684210526,0.726,0.774842105263158,0.834947368421053,0.878842105263158,0.930105263157895
MNIST-C,HdLOF-2l,0.856743789473684,0.193578947368421,0.226105263157895,0.247684210526316,0.279157894736842,0.323263157894737,0.375052631578947
MNIST-C,HdLOF-E2,0.549509789473684,0.683684210526316,0.734315789473684,0.777052631578947,0.82221052631579,0.886421052631579,0.945684210526316
MNIST-C,HdLOF-E,0.553427578947368,0.675684210526316,0.721157894736842,0.772842105263158,0.825157894736842,0.886736842105263,0.94621052631579
MNIST-C,LOF,0.561413684210526,0.645263157894737,0.698,0.752210526315789,0.811263157894737,0.89821052631579,0.963578947368421
MNIST-C,CBLOF,0.974511368421053,0.0304210526315789,0.0334736842105263,0.0387368421052632,0.0418947368421053,0.0509473684210526,0.0652631578947368
MNIST-C,HBOS,0.858536631578947,0.176210526315789,0.201789473684211,0.219157894736842,0.249157894736842,0.272105263157895,0.327684210526316
MNIST-C,COPOD,0.975805684210526,0.0284210526315789,0.0330526315789474,0.0372631578947368,0.0445263157894737,0.0527368421052632,0.0718947368421053
MNIST-C,ECOD,0.979487578947368,0.0227368421052632,0.0276842105263158,0.032,0.0375789473684211,0.0435789473684211,0.0574736842105263
MNIST-C,IForest,0.968638736842105,0.0389473684210526,0.0438947368421053,0.0492631578947368,0.0566315789473684,0.0711578947368421,0.0950526315789474
MNIST-C,HdLOF,0.57094,0.607894736842105,0.681052631578947,0.732526315789474,0.800105263157895,0.883263157894737,0.948105263157895
MNIST-C,HdLOF-2l,0.973269052631579,0.0334736842105263,0.0376842105263158,0.0416842105263158,0.046,0.0553684210526316,0.0671578947368421
MNIST-C,HdLOF-E2,0.561656842105263,0.623368421052632,0.677263157894737,0.756,0.813052631578947,0.881368421052632,0.948526315789474
MNIST-C,HdLOF-E,0.562263157894737,0.627157894736842,0.678421052631579,0.750842105263158,0.815263157894737,0.880210526315789,0.948736842105263
MNIST-C,LOF,0.843810105263158,0.213157894736842,0.235894736842105,0.275157894736842,0.307052631578947,0.361263157894737,0.445789473684211
MNIST-C,CBLOF,0.823430526315789,0.229052631578947,0.262105263157895,0.307473684210526,0.358947368421053,0.435684210526316,0.55
MNIST-C,HBOS,0.70548652631579,0.394526315789474,0.429368421052632,0.494526315789474,0.583368421052632,0.66421052631579,0.784105263157895
MNIST-C,COPOD,0.777453263157895,0.278631578947368,0.322842105263158,0.377894736842105,0.430736842105263,0.527052631578947,0.665368421052632
MNIST-C,ECOD,0.778785263157895,0.284736842105263,0.315263157894737,0.367263157894737,0.439789473684211,0.516947368421053,0.661157894736842
MNIST-C,IForest,0.800813263157895,0.251368421052632,0.291684210526316,0.339894736842105,0.398631578947368,0.486105263157895,0.624947368421053
MNIST-C,HdLOF,0.823471368421053,0.224421052631579,0.264,0.304526315789474,0.348421052631579,0.429578947368421,0.512736842105263
MNIST-C,HdLOF-2l,0.881432210526316,0.138105263157895,0.159157894736842,0.189473684210526,0.225578947368421,0.309368421052632,0.395684210526316
MNIST-C,HdLOF-E2,0.786548,0.272947368421053,0.332947368421053,0.371578947368421,0.431473684210526,0.511052631578947,0.679473684210526
MNIST-C,HdLOF-E,0.791084,0.261263157894737,0.327684210526316,0.366526315789474,0.43,0.508947368421053,0.668
MNIST-C,LOF,0.645817052631579,0.476947368421053,0.528842105263158,0.60021052631579,0.665263157894737,0.739263157894737,0.842631578947368
MNIST-C,CBLOF,0.568295157894737,0.564526315789474,0.633368421052632,0.671578947368421,0.760210526315789,0.824842105263158,0.903473684210526
MNIST-C,HBOS,0.542148421052632,0.629157894736842,0.711894736842105,0.776105263157895,0.834842105263158,0.877894736842105,0.922842105263158
MNIST-C,COPOD,0.535776210526316,0.632210526315789,0.691473684210526,0.736947368421053,0.800736842105263,0.865684210526316,0.942947368421053
MNIST-C,ECOD,0.537944,0.615473684210526,0.684736842105263,0.732631578947368,0.789578947368421,0.868526315789474,0.945157894736842
MNIST-C,IForest,0.532897473684211,0.639684210526316,0.709157894736842,0.757578947368421,0.788526315789474,0.866736842105263,0.936
MNIST-C,HdLOF,0.649882,0.468842105263158,0.511894736842105,0.574842105263158,0.640842105263158,0.738947368421053,0.82421052631579
MNIST-C,HdLOF-2l,0.604397052631579,0.525578947368421,0.587894736842105,0.657263157894737,0.731368421052632,0.813052631578947,0.895578947368421
MNIST-C,HdLOF-E2,0.665199789473684,0.424947368421053,0.480947368421053,0.537684210526316,0.639157894736842,0.72421052631579,0.815684210526316
MNIST-C,HdLOF-E,0.665162947368421,0.420105263157895,0.484315789473684,0.543473684210526,0.637052631578947,0.719052631578947,0.816421052631579
MNIST-C,LOF,0.448306,0.727789473684211,0.769263157894737,0.809894736842105,0.837473684210526,0.880736842105263,0.915157894736842
MNIST-C,CBLOF,0.590955157894737,0.560736842105263,0.598526315789474,0.638736842105263,0.686315789473684,0.77821052631579,0.84621052631579
MNIST-C,HBOS,0.433266526315789,0.749578947368421,0.786842105263158,0.837052631578947,0.873684210526316,0.909263157894737,0.960736842105263
MNIST-C,COPOD,0.57319452631579,0.559578947368421,0.628631578947368,0.689789473684211,0.753789473684211,0.829894736842105,0.896105263157895
MNIST-C,ECOD,0.590165263157895,0.537052631578947,0.595052631578947,0.655157894736842,0.712526315789474,0.789473684210526,0.852526315789474
MNIST-C,IForest,0.601062947368421,0.556947368421053,0.600631578947368,0.667368421052632,0.725684210526316,0.786947368421053,0.861578947368421
MNIST-C,HdLOF,0.444992842105263,0.740526315789474,0.779052631578947,0.827578947368421,0.854947368421053,0.902105263157895,0.955368421052632
MNIST-C,HdLOF-2l,0.635120210526316,0.486947368421053,0.526736842105263,0.570842105263158,0.624,0.687157894736842,0.783894736842105
MNIST-C,HdLOF-E2,0.441600842105263,0.755157894736842,0.798315789473684,0.849368421052632,0.886526315789474,0.930842105263158,0.970315789473684
MNIST-C,HdLOF-E,0.442685368421053,0.75,0.798526315789474,0.850421052631579,0.883894736842105,0.930315789473684,0.969894736842105
MNIST-C,LOF,0.751485368421053,0.322526315789474,0.365894736842105,0.416526315789474,0.498,0.606736842105263,0.722947368421053
MNIST-C,CBLOF,0.662055157894737,0.482526315789474,0.551157894736842,0.607578947368421,0.675684210526316,0.757157894736842,0.832105263157895
MNIST-C,HBOS,0.611938105263158,0.546631578947369,0.59,0.649894736842105,0.717789473684211,0.805894736842105,0.917473684210526
MNIST-C,COPOD,0.641837684210526,0.529684210526316,0.582947368421053,0.634947368421053,0.69221052631579,0.773473684210526,0.848947368421053
MNIST-C,ECOD,0.639940631578947,0.523684210526316,0.587894736842105,0.654105263157895,0.691263157894737,0.762842105263158,0.844526315789474
MNIST-C,IForest,0.642052,0.54221052631579,0.600947368421053,0.641578947368421,0.698105263157895,0.762842105263158,0.891789473684211
MNIST-C,HdLOF,0.757816947368421,0.316631578947368,0.352315789473684,0.410315789473684,0.500736842105263,0.605263157894737,0.71621052631579
MNIST-C,HdLOF-2l,0.701520631578947,0.408,0.468105263157895,0.527263157894737,0.621263157894737,0.710631578947368,0.816631578947368
MNIST-C,HdLOF-E2,0.760994210526316,0.304736842105263,0.347473684210526,0.392210526315789,0.470526315789474,0.60021052631579,0.737157894736842
MNIST-C,HdLOF-E,0.761145263157895,0.309684210526316,0.345473684210526,0.391263157894737,0.477052631578947,0.603789473684211,0.740842105263158
MNIST-C,LOF,0.870823473684211,0.155789473684211,0.182631578947368,0.209473684210526,0.243263157894737,0.297473684210526,0.446842105263158
MNIST-C,CBLOF,0.841939368421053,0.172736842105263,0.207473684210526,0.251368421052632,0.315684210526316,0.399368421052632,0.538526315789474
MNIST-C,HBOS,0.735839578947368,0.344947368421053,0.388210526315789,0.430421052631579,0.481368421052632,0.58,0.664105263157895
MNIST-C,COPOD,0.798664631578948,0.258105263157895,0.303157894736842,0.358736842105263,0.420105263157895,0.467052631578947,0.592736842105263
MNIST-C,ECOD,0.802411368421053,0.254315789473684,0.297894736842105,0.353894736842105,0.420105263157895,0.484315789473684,0.568736842105263
MNIST-C,IForest,0.789838736842105,0.271263157894737,0.330210526315789,0.384842105263158,0.442947368421053,0.518736842105263,0.644315789473684
MNIST-C,HdLOF,0.860755894736842,0.164736842105263,0.191368421052632,0.227368421052632,0.271578947368421,0.332947368421053,0.445789473684211
MNIST-C,HdLOF-2l,0.865493263157895,0.158736842105263,0.184526315789474,0.219684210526316,0.282526315789474,0.343684210526316,0.444315789473684
MNIST-C,HdLOF-E2,0.855124631578947,0.171157894736842,0.202105263157895,0.237157894736842,0.317684210526316,0.388315789473684,0.474315789473684
MNIST-C,HdLOF-E,0.855795789473684,0.177157894736842,0.202,0.229684210526316,0.299789473684211,0.378947368421053,0.478631578947368
MNIST-C,LOF,0.808219578947369,0.250315789473684,0.276736842105263,0.309263157894737,0.347684210526316,0.390526315789474,0.447578947368421
MNIST-C,CBLOF,0.779116421052632,0.298105263157895,0.336631578947368,0.372736842105263,0.429368421052632,0.488947368421053,0.565368421052632
MNIST-C,HBOS,0.615574947368421,0.507789473684211,0.551263157894737,0.605894736842105,0.673894736842105,0.738,0.825052631578947
MNIST-C,COPOD,0.713795578947368,0.380947368421053,0.417894736842105,0.471578947368421,0.526105263157895,0.598421052631579,0.714631578947368
MNIST-C,ECOD,0.727129052631579,0.357052631578947,0.403473684210526,0.452526315789474,0.498421052631579,0.572,0.679052631578947
MNIST-C,IForest,0.742005684210526,0.325684210526316,0.363684210526316,0.429894736842105,0.485578947368421,0.590105263157895,0.688736842105263
MNIST-C,HdLOF,0.781406736842105,0.286842105263158,0.318631578947368,0.358315789473684,0.396631578947368,0.449789473684211,0.539684210526316
MNIST-C,HdLOF-2l,0.816389052631579,0.230210526315789,0.266,0.299368421052632,0.355263157894737,0.418315789473684,0.53
MNIST-C,HdLOF-E2,0.751048842105263,0.318631578947368,0.365684210526316,0.413368421052632,0.467789473684211,0.530736842105263,0.621894736842105
MNIST-C,HdLOF-E,0.753982,0.318,0.357684210526316,0.410947368421053,0.456,0.523473684210526,0.609684210526316
MNIST-C,LOF,0.551911473684211,0.653894736842105,0.701368421052632,0.77021052631579,0.830736842105263,0.884736842105263,0.948736842105263
MNIST-C,CBLOF,0.956485263157895,0.0541052631578947,0.062,0.0762105263157895,0.0850526315789474,0.0968421052631579,0.122105263157895
MNIST-C,HBOS,0.933127578947368,0.0810526315789474,0.0955789473684211,0.105473684210526,0.118,0.142315789473684,0.170315789473684
MNIST-C,COPOD,0.97058547368421,0.0388421052631579,0.0426315789473684,0.0481052631578947,0.0551578947368421,0.066,0.0817894736842105
MNIST-C,ECOD,0.969475368421053,0.0387368421052632,0.0430526315789474,0.050421052631579,0.0592631578947368,0.0698947368421053,0.0836842105263158
MNIST-C,IForest,0.965334105263158,0.0413684210526316,0.0475789473684211,0.0568421052631579,0.0750526315789474,0.0881052631578947,0.122210526315789
MNIST-C,HdLOF,0.556286631578947,0.652631578947369,0.705368421052632,0.784736842105263,0.845052631578947,0.890315789473684,0.947263157894737
MNIST-C,HdLOF-2l,0.968997263157895,0.0407368421052632,0.0451578947368421,0.0516842105263158,0.0596842105263158,0.068,0.0815789473684211
MNIST-C,HdLOF-E2,0.544379578947368,0.651263157894737,0.714631578947368,0.766421052631579,0.841263157894737,0.891473684210526,0.975368421052632
MNIST-C,HdLOF-E,0.549108,0.647157894736842,0.717578947368421,0.763789473684211,0.842736842105263,0.89,0.975157894736842
MNIST-C,LOF,0.827996421052632,0.220526315789474,0.251684210526316,0.290315789473684,0.343052631578947,0.415263157894737,0.520736842105263
MNIST-C,CBLOF,0.625522736842105,0.545684210526316,0.582631578947368,0.627263157894737,0.699263157894737,0.745052631578947,0.839368421052632
MNIST-C,HBOS,0.510793263157895,0.670736842105263,0.721789473684211,0.764842105263158,0.818526315789474,0.863684210526316,0.931789473684211
MNIST-C,COPOD,0.562274105263158,0.634421052631579,0.678105263157895,0.725052631578947,0.763263157894737,0.824105263157895,0.900842105263158
MNIST-C,ECOD,0.568586736842105,0.622631578947368,0.668526315789474,0.706947368421053,0.761578947368421,0.805368421052632,0.887894736842105
MNIST-C,IForest,0.589988,0.572631578947368,0.614421052631579,0.667052631578947,0.718947368421053,0.773789473684211,0.867789473684211
MNIST-C,HdLOF,0.832354210526316,0.216736842105263,0.244105263157895,0.277157894736842,0.346842105263158,0.402947368421053,0.510526315789474
MNIST-C,HdLOF-2l,0.709359789473684,0.415894736842105,0.474526315789474,0.516631578947368,0.557368421052632,0.638,0.689578947368421
MNIST-C,HdLOF-E2,0.850554631578947,0.181263157894737,0.199684210526316,0.248105263157895,0.303157894736842,0.369789473684211,0.469894736842105
MNIST-C,HdLOF-E,0.850796210526316,0.179684210526316,0.203052631578947,0.253368421052632,0.310421052631579,0.378,0.474315789473684
MNIST-C,LOF,0.886643684210526,0.148105263157895,0.176210526315789,0.192631578947368,0.221368421052632,0.247894736842105,0.312736842105263
MNIST-C,CBLOF,0.857676315789474,0.168421052631579,0.199473684210526,0.234842105263158,0.297894736842105,0.361578947368421,0.459263157894737
MNIST-C,HBOS,0.694779789473684,0.393368421052632,0.446210526315789,0.486,0.545684210526316,0.615368421052632,0.720526315789474
MNIST-C,COPOD,0.765721052631579,0.305684210526316,0.348526315789474,0.381894736842105,0.440842105263158,0.506631578947368,0.578
MNIST-C,ECOD,0.784914105263158,0.272947368421053,0.303473684210526,0.357368421052632,0.402736842105263,0.470210526315789,0.557684210526316
MNIST-C,IForest,0.792574947368421,0.256315789473684,0.297894736842105,0.340526315789474,0.397578947368421,0.457157894736842,0.576842105263158
MNIST-C,HdLOF,0.87258,0.154526315789474,0.192526315789474,0.219368421052632,0.248526315789474,0.291578947368421,0.371894736842105
MNIST-C,HdLOF-2l,0.879770736842105,0.151789473684211,0.178315789473684,0.209578947368421,0.238842105263158,0.28,0.352105263157895
MNIST-C,HdLOF-E2,0.830249578947368,0.216526315789474,0.256105263157895,0.310105263157895,0.352315789473684,0.409052631578947,0.483052631578947
MNIST-C,HdLOF-E,0.837969052631579,0.206631578947368,0.239473684210526,0.280421052631579,0.344526315789474,0.394842105263158,0.464315789473684
CIFAR10,LOF,0.725080608365019,0.377,0.4636,0.5114,0.5636,0.6384,0.7604
CIFAR10,CBLOF,0.6938463878327,0.4116,0.4942,0.5532,0.6432,0.7238,0.8238
CIFAR10,HBOS,0.676259315589354,0.4672,0.5278,0.599,0.6434,0.755,0.849
CIFAR10,COPOD,0.695184790874525,0.4086,0.467,0.5422,0.6386,0.7372,0.8012
CIFAR10,ECOD,0.707293536121673,0.3834,0.4572,0.5176,0.629,0.7374,0.7946
CIFAR10,IForest,0.716516349809886,0.3472,0.437,0.5252,0.6052,0.6824,0.7408
CIFAR10,HdLOF,0.719974904942966,0.4012,0.472,0.5398,0.5828,0.6304,0.7586
CIFAR10,HdLOF-2l,0.72494144486692,0.358,0.3928,0.5006,0.5848,0.6952,0.7594
CIFAR10,HdLOF-E2,0.726031558935361,0.3926,0.4422,0.511,0.5954,0.6444,0.7244
CIFAR10,HdLOF-E,0.724339923954373,0.3948,0.4488,0.5148,0.5998,0.636,0.7274
CIFAR10,LOF,0.712650190114068,0.4028,0.4546,0.52,0.5856,0.6754,0.7796
CIFAR10,CBLOF,0.591694296577947,0.5836,0.6238,0.677,0.7232,0.8244,0.857
CIFAR10,HBOS,0.386801520912548,0.8134,0.8604,0.8846,0.9086,0.9466,0.9722
CIFAR10,COPOD,0.488648669201521,0.6878,0.7412,0.7798,0.8236,0.8742,0.9318
CIFAR10,ECOD,0.530965019011407,0.6406,0.6838,0.7176,0.7632,0.807,0.8862
CIFAR10,IForest,0.554031939163498,0.6124,0.643,0.6748,0.7508,0.806,0.8914
CIFAR10,HdLOF,0.717495437262357,0.3798,0.4436,0.5246,0.5858,0.671,0.751
CIFAR10,HdLOF-2l,0.61632927756654,0.5374,0.5912,0.632,0.702,0.7586,0.8384
CIFAR10,HdLOF-E2,0.721322053231939,0.3816,0.4286,0.494,0.579,0.6646,0.7426
CIFAR10,HdLOF-E,0.720273764258555,0.387,0.4348,0.4926,0.579,0.6688,0.7416
CIFAR10,LOF,0.645005323193916,0.5212,0.5872,0.6162,0.6902,0.7548,0.8226
CIFAR10,CBLOF,0.603602281368821,0.5622,0.6246,0.6914,0.7534,0.8378,0.9
CIFAR10,HBOS,0.561388593155894,0.6082,0.6836,0.774,0.8106,0.8516,0.8974
CIFAR10,COPOD,0.584114068441065,0.5866,0.6496,0.7062,0.7748,0.8294,0.904
CIFAR10,ECOD,0.596146007604563,0.5444,0.621,0.6806,0.7666,0.8272,0.8764
CIFAR10,IForest,0.591954372623574,0.5932,0.6324,0.6822,0.767,0.818,0.8836
CIFAR10,HdLOF,0.650898098859316,0.5038,0.566,0.6304,0.6736,0.7196,0.7836
CIFAR10,HdLOF-2l,0.615085931558935,0.5394,0.6028,0.6538,0.7306,0.82,0.874
CIFAR10,HdLOF-E2,0.652424714828897,0.4814,0.5624,0.6256,0.6852,0.7298,0.7916
CIFAR10,HdLOF-E,0.652363498098859,0.484,0.565,0.6298,0.6834,0.7322,0.7902
CIFAR10,LOF,0.586772623574144,0.578,0.6302,0.679,0.7832,0.8614,0.9472
CIFAR10,CBLOF,0.561320912547529,0.6184,0.6858,0.743,0.7866,0.8652,0.9516
CIFAR10,HBOS,0.44972927756654,0.7596,0.8046,0.8564,0.8888,0.928,0.9616
CIFAR10,COPOD,0.502943726235742,0.7084,0.7464,0.7908,0.848,0.9004,0.9466
CIFAR10,ECOD,0.535701140684411,0.6514,0.7002,0.7426,0.818,0.8628,0.9262
CIFAR10,IForest,0.513713307984791,0.6814,0.7334,0.7862,0.8392,0.8754,0.932
CIFAR10,HdLOF,0.591354372623574,0.5822,0.6154,0.6818,0.7762,0.8412,0.9366
CIFAR10,HdLOF-2l,0.549522433460076,0.6554,0.7032,0.7542,0.8146,0.8798,0.9434
CIFAR10,HdLOF-E2,0.6020463878327,0.5414,0.622,0.6788,0.7666,0.8304,0.9204
CIFAR10,HdLOF-E,0.602279087452472,0.542,0.6234,0.6776,0.7626,0.8286,0.9194
CIFAR10,LOF,0.766092015209125,0.314,0.3576,0.423,0.523,0.643,0.7232
CIFAR10,CBLOF,0.76854752851711,0.3088,0.3612,0.432,0.5046,0.5884,0.719
CIFAR10,HBOS,0.732354372623574,0.3696,0.4216,0.477,0.537,0.6406,0.8154
CIFAR10,COPOD,0.751245627376426,0.3364,0.3694,0.4338,0.5048,0.6082,0.785
CIFAR10,ECOD,0.755749049429658,0.3262,0.3812,0.4374,0.5,0.602,0.7576
CIFAR10,IForest,0.738120912547529,0.3174,0.395,0.4622,0.5908,0.701,0.7584
CIFAR10,HdLOF,0.764257794676806,0.308,0.3598,0.4198,0.4998,0.6202,0.7258
CIFAR10,HdLOF-2l,0.772302661596958,0.3024,0.3432,0.3946,0.5268,0.599,0.6994
CIFAR10,HdLOF-E2,0.769838783269962,0.2846,0.3424,0.3898,0.4906,0.5906,0.7392
CIFAR10,HdLOF-E,0.771140684410646,0.282,0.345,0.3932,0.486,0.5806,0.7354
CIFAR10,LOF,0.574657794676806,0.6476,0.7002,0.7388,0.8054,0.857,0.902
CIFAR10,CBLOF,0.535294296577947,0.6586,0.7206,0.7512,0.7928,0.8262,0.9226
CIFAR10,HBOS,0.385215209125475,0.7924,0.8342,0.8604,0.8992,0.9264,0.951
CIFAR10,COPOD,0.45894752851711,0.7416,0.7744,0.8074,0.848,0.9058,0.945
CIFAR10,ECOD,0.503662357414449,0.6476,0.703,0.7808,0.8276,0.881,0.9188
CIFAR10,IForest,0.519163498098859,0.6552,0.6848,0.7574,0.8162,0.8438,0.9052
CIFAR10,HdLOF,0.579914068441065,0.6362,0.6908,0.7436,0.7924,0.8432,0.8918
CIFAR10,HdLOF-2l,0.539053231939163,0.671,0.7036,0.7544,0.813,0.8382,0.9036
CIFAR10,HdLOF-E2,0.584610646387833,0.6166,0.7138,0.7682,0.8024,0.8474,0.888
CIFAR10,HdLOF-E,0.583980228136882,0.6192,0.715,0.767,0.8044,0.8482,0.8884
CIFAR10,LOF,0.719891634980989,0.3712,0.4222,0.47,0.5752,0.6224,0.7408
CIFAR10,CBLOF,0.704798479087453,0.3794,0.422,0.4786,0.5278,0.6408,0.7828
CIFAR10,HBOS,0.625168060836502,0.4912,0.523,0.5784,0.6376,0.716,0.828
CIFAR10,COPOD,0.664638022813688,0.4208,0.4646,0.4994,0.5866,0.7114,0.8088
CIFAR10,ECOD,0.675305703422053,0.3996,0.4584,0.4898,0.5834,0.7004,0.7922
CIFAR10,IForest,0.667505703422053,0.425,0.4522,0.5138,0.6058,0.6946,0.7862
CIFAR10,HdLOF,0.716849429657795,0.3948,0.437,0.4774,0.554,0.6566,0.7442
CIFAR10,HdLOF-2l,0.707250950570342,0.3808,0.4144,0.4704,0.528,0.6322,0.7556
CIFAR10,HdLOF-E2,0.715155513307985,0.379,0.4392,0.5054,0.6146,0.6552,0.7338
CIFAR10,HdLOF-E,0.715364258555133,0.3794,0.4256,0.5098,0.6066,0.6528,0.7344
CIFAR10,LOF,0.680260836501901,0.429,0.4776,0.5904,0.6958,0.7554,0.8538
CIFAR10,CBLOF,0.62674144486692,0.5522,0.5906,0.651,0.7002,0.7828,0.8776
CIFAR10,HBOS,0.502630418250951,0.7066,0.7638,0.8276,0.901,0.9356,0.9658
CIFAR10,COPOD,0.583394676806084,0.5882,0.6552,0.7248,0.7754,0.8468,0.904
CIFAR10,ECOD,0.616603041825095,0.5576,0.5978,0.6618,0.729,0.774,0.8638
CIFAR10,IForest,0.605880608365019,0.551,0.6182,0.6796,0.7464,0.8094,0.8968
CIFAR10,HdLOF,0.685216730038023,0.4198,0.4648,0.6156,0.6706,0.7372,0.8504
CIFAR10,HdLOF-2l,0.632422053231939,0.531,0.5728,0.639,0.7422,0.8062,0.878
CIFAR10,HdLOF-E2,0.696102661596958,0.4084,0.4506,0.569,0.623,0.76,0.87
CIFAR10,HdLOF-E,0.695850950570342,0.4088,0.4576,0.57,0.6248,0.7562,0.8696
CIFAR10,LOF,0.729765779467681,0.3454,0.395,0.4532,0.526,0.6264,0.8016
CIFAR10,CBLOF,0.716787072243346,0.3382,0.4192,0.4676,0.5358,0.6788,0.802
CIFAR10,HBOS,0.628462357414449,0.4928,0.5332,0.614,0.6936,0.806,0.865
CIFAR10,COPOD,0.677596197718631,0.434,0.4914,0.5276,0.6292,0.7222,0.8244
CIFAR10,ECOD,0.691370342205323,0.4092,0.4582,0.5262,0.5974,0.675,0.8038
CIFAR10,IForest,0.708638022813688,0.365,0.4288,0.5016,0.5744,0.652,0.7908
CIFAR10,HdLOF,0.730673764258555,0.3342,0.3904,0.4594,0.5346,0.6228,0.7584
CIFAR10,HdLOF-2l,0.719267680608365,0.3438,0.3804,0.4734,0.54,0.627,0.7886
CIFAR10,HdLOF-E2,0.731519391634981,0.34,0.4018,0.4432,0.5238,0.6234,0.7872
CIFAR10,HdLOF-E,0.731375285171103,0.344,0.404,0.445,0.5232,0.6276,0.7886
CIFAR10,LOF,0.743866920152091,0.3246,0.3912,0.4772,0.5646,0.6552,0.7864
CIFAR10,CBLOF,0.71045247148289,0.4076,0.4866,0.5318,0.588,0.6756,0.8408
CIFAR10,HBOS,0.543497338403042,0.678,0.7332,0.8482,0.8944,0.936,0.9638
CIFAR10,COPOD,0.633073003802281,0.5296,0.6,0.6822,0.7464,0.808,0.891
CIFAR10,ECOD,0.66474752851711,0.4742,0.5242,0.5992,0.6734,0.7652,0.8576
CIFAR10,IForest,0.660817490494297,0.4688,0.5448,0.615,0.7052,0.806,0.897
CIFAR10,HdLOF,0.74906463878327,0.3234,0.3796,0.4516,0.5616,0.6538,0.7506
CIFAR10,HdLOF-2l,0.704192395437262,0.4202,0.4792,0.5318,0.625,0.7412,0.8332
CIFAR10,HdLOF-E2,0.743022053231939,0.3372,0.3954,0.4622,0.5418,0.6578,0.7864
CIFAR10,HdLOF-E,0.743650190114069,0.3356,0.3878,0.4602,0.5332,0.6588,0.788
agnews,LOF,0.643212105263158,0.483263157894737,0.553578947368421,0.622,0.691789473684211,0.778526315789474,0.863894736842105
agnews,CBLOF,0.552593473684211,0.612842105263158,0.665052631578947,0.719684210526316,0.786526315789474,0.844631578947368,0.911473684210526
agnews,HBOS,0.515037263157895,0.690421052631579,0.729052631578947,0.770736842105263,0.826631578947368,0.853578947368421,0.921263157894737
agnews,COPOD,0.523200842105263,0.654947368421053,0.696631578947368,0.757157894736842,0.807052631578947,0.863894736842105,0.909789473684211
agnews,ECOD,0.505581684210526,0.695368421052632,0.734736842105263,0.775368421052632,0.820736842105263,0.877263157894737,0.936736842105263
agnews,IForest,0.553009894736842,0.614736842105263,0.670315789473684,0.719052631578947,0.758842105263158,0.829578947368421,0.901684210526316
agnews,HdLOF,0.628367368421053,0.533578947368421,0.571263157894737,0.630210526315789,0.710736842105263,0.791578947368421,0.882736842105263
agnews,HdLOF-2l,0.604904421052632,0.529894736842105,0.587368421052632,0.651052631578947,0.729052631578947,0.787263157894737,0.875157894736842
agnews,HdLOF-E2,0.630292210526316,0.53821052631579,0.574421052631579,0.631263157894737,0.702,0.76621052631579,0.882315789473684
agnews,HdLOF-E,0.629624421052632,0.539368421052632,0.578421052631579,0.636947368421053,0.703684210526316,0.769052631578947,0.881684210526316
agnews,LOF,0.765775052631579,0.307157894736842,0.338842105263158,0.388315789473684,0.468842105263158,0.551684210526316,0.644842105263158
agnews,CBLOF,0.584087157894737,0.55221052631579,0.598631578947368,0.639263157894737,0.706947368421053,0.786315789473684,0.876
agnews,HBOS,0.558916842105263,0.583052631578947,0.612842105263158,0.664947368421053,0.723894736842105,0.769052631578947,0.832526315789474
agnews,COPOD,0.524225684210526,0.613684210526316,0.658631578947369,0.72021052631579,0.77621052631579,0.832,0.892736842105263
agnews,ECOD,0.559605052631579,0.614947368421053,0.673894736842105,0.718842105263158,0.764315789473684,0.825157894736842,0.871684210526316
agnews,IForest,0.607096210526316,0.522105263157895,0.574526315789474,0.627684210526316,0.699157894736842,0.753052631578947,0.827684210526316
agnews,HdLOF,0.732425368421053,0.372105263157895,0.415157894736842,0.468631578947368,0.545157894736842,0.605368421052632,0.738
agnews,HdLOF-2l,0.613713789473684,0.531894736842105,0.575894736842105,0.635263157894737,0.719894736842105,0.798526315789474,0.870210526315789
agnews,HdLOF-E2,0.717433473684211,0.381157894736842,0.437157894736842,0.495157894736842,0.548842105263158,0.640631578947368,0.762947368421053
agnews,HdLOF-E,0.718030315789474,0.379473684210526,0.428105263157895,0.497894736842105,0.544421052631579,0.635052631578947,0.763473684210526
agnews,LOF,0.763143578947369,0.301473684210526,0.36021052631579,0.420736842105263,0.500421052631579,0.609263157894737,0.770421052631579
agnews,CBLOF,0.668655789473684,0.437894736842105,0.48421052631579,0.524842105263158,0.603157894736842,0.693157894736842,0.806947368421053
agnews,HBOS,0.593146947368421,0.598315789473684,0.628,0.666421052631579,0.727894736842105,0.789157894736842,0.887894736842105
agnews,COPOD,0.612296210526316,0.555578947368421,0.611368421052632,0.650105263157895,0.698526315789474,0.765473684210526,0.822
agnews,ECOD,0.602652,0.541157894736842,0.598842105263158,0.661789473684211,0.714,0.780315789473684,0.856842105263158
agnews,IForest,0.636153052631579,0.518736842105263,0.556315789473684,0.599789473684211,0.658,0.745894736842105,0.81021052631579
agnews,HdLOF,0.755684315789474,0.326526315789474,0.364526315789474,0.432421052631579,0.512736842105263,0.614947368421053,0.759789473684211
agnews,HdLOF-2l,0.729578736842105,0.380736842105263,0.417578947368421,0.468210526315789,0.523263157894737,0.606947368421053,0.716526315789474
agnews,HdLOF-E2,0.741277368421053,0.341052631578947,0.386,0.462736842105263,0.536105263157895,0.657263157894737,0.786315789473684
agnews,HdLOF-E,0.741432,0.339052631578947,0.388421052631579,0.459473684210526,0.541578947368421,0.651263157894737,0.784736842105263
agnews,LOF,0.716165263157895,0.411473684210526,0.459894736842105,0.503263157894737,0.580315789473684,0.663789473684211,0.810105263157895
agnews,CBLOF,0.575218315789474,0.579473684210526,0.620105263157895,0.675789473684211,0.732421052631579,0.808631578947368,0.889894736842105
agnews,HBOS,0.531128210526316,0.663473684210526,0.703684210526316,0.748947368421053,0.802947368421053,0.858315789473684,0.92021052631579
agnews,COPOD,0.544083157894737,0.632,0.679684210526316,0.731052631578947,0.778315789473684,0.841157894736842,0.913368421052632
agnews,ECOD,0.541533473684211,0.626315789473684,0.661578947368421,0.711263157894737,0.758947368421053,0.809052631578947,0.905894736842105
agnews,IForest,0.548550421052632,0.626315789473684,0.659473684210526,0.710526315789474,0.766,0.816315789473684,0.902105263157895
agnews,HdLOF,0.714497578947368,0.375368421052632,0.42621052631579,0.506842105263158,0.56821052631579,0.658947368421053,0.778105263157895
agnews,HdLOF-2l,0.625376842105263,0.516421052631579,0.590631578947368,0.648631578947368,0.725684210526316,0.803789473684211,0.886842105263158
agnews,HdLOF-E2,0.712961894736842,0.389578947368421,0.432842105263158,0.499368421052632,0.574631578947368,0.661894736842105,0.781368421052632
agnews,HdLOF-E,0.713599263157895,0.380947368421053,0.438105263157895,0.504631578947368,0.575473684210526,0.656,0.780736842105263
SVHN,LOF,0.661983085629003,0.432700080840744,0.477364591754244,0.593775262732417,0.683710590137429,0.809417946645109,0.887631366208569
SVHN,CBLOF,0.607141191468192,0.548504446240905,0.641673403395311,0.686742118027486,0.759498787388844,0.814672594987874,0.914915117219078
SVHN,HBOS,0.464764318139419,0.749393694421989,0.795068714632175,0.843977364591754,0.885004042037187,0.912894098625707,0.96160064672595
SVHN,COPOD,0.516702164044525,0.705941794664511,0.751010509296686,0.778294260307195,0.820129345189976,0.870048504446241,0.941996766370251
SVHN,ECOD,0.545467477146944,0.649353274050121,0.701697655618432,0.744745351657235,0.784155214227971,0.840339531123686,0.902991107518189
SVHN,IForest,0.538481748647472,0.679870654810024,0.71928051738076,0.76818916734034,0.819927243330639,0.874090541632983,0.943007275666936
SVHN,HdLOF,0.667048069149928,0.428455941794665,0.484033953112369,0.549110751818917,0.640056588520614,0.793047696038804,0.867219078415521
SVHN,HdLOF-2l,0.602673185747155,0.555982215036378,0.617825383993533,0.70109135004042,0.76535974130962,0.871665319320938,0.930274858528699
SVHN,HdLOF-E2,0.673927305515826,0.406628940986257,0.454931285367825,0.504850444624091,0.658649959579628,0.781729991915926,0.852061438965238
SVHN,HdLOF-E,0.674569367576643,0.401576394502829,0.456952303961196,0.504648342764754,0.659862570735651,0.783144704931285,0.852869846402587
SVHN,LOF,0.609587684210526,0.523263157894737,0.566842105263158,0.619052631578947,0.673368421052632,0.752210526315789,0.842315789473684
SVHN,CBLOF,0.643322947368421,0.48021052631579,0.518842105263158,0.583894736842105,0.655789473684211,0.723789473684211,0.82221052631579
SVHN,HBOS,0.610342315789474,0.559052631578947,0.619684210526316,0.660947368421053,0.712631578947368,0.759473684210526,0.827894736842105
SVHN,COPOD,0.62872,0.529894736842105,0.577157894736842,0.631894736842105,0.686315789473684,0.753052631578947,0.817789473684211
SVHN,ECOD,0.644784210526316,0.501894736842105,0.548105263157895,0.603157894736842,0.653368421052632,0.714631578947368,0.812736842105263
SVHN,IForest,0.636070315789474,0.524842105263158,0.580526315789474,0.627789473684211,0.666421052631579,0.739894736842105,0.83221052631579
SVHN,HdLOF,0.603053263157895,0.533684210526316,0.585157894736842,0.634421052631579,0.697157894736842,0.758210526315789,0.835263157894737
SVHN,HdLOF-2l,0.655586526315789,0.482947368421053,0.531368421052632,0.583578947368421,0.635473684210526,0.70821052631579,0.818842105263158
SVHN,HdLOF-E2,0.602017157894737,0.537473684210526,0.592105263157895,0.640947368421053,0.695684210526316,0.776631578947369,0.852105263157895
SVHN,HdLOF-E,0.601684,0.529789473684211,0.592631578947368,0.644,0.695894736842105,0.777263157894737,0.848105263157895
SVHN,LOF,0.665608,0.469368421052632,0.516,0.586,0.665684210526316,0.763263157894737,0.842736842105263
SVHN,CBLOF,0.627988842105263,0.533368421052632,0.597052631578947,0.701894736842105,0.775894736842105,0.83821052631579,0.900842105263158
SVHN,HBOS,0.551278105263158,0.64421052631579,0.698315789473684,0.757684210526316,0.820842105263158,0.872105263157895,0.935368421052632
SVHN,COPOD,0.580835368421053,0.624842105263158,0.699578947368421,0.745578947368421,0.804631578947369,0.867263157894737,0.926105263157895
SVHN,ECOD,0.600221052631579,0.6,0.657473684210526,0.722842105263158,0.777052631578947,0.851052631578947,0.931263157894737
SVHN,IForest,0.602432421052632,0.587052631578947,0.66621052631579,0.724736842105263,0.80821052631579,0.853894736842105,0.921578947368421
SVHN,HdLOF,0.667253894736842,0.468,0.515263157894737,0.573263157894737,0.672842105263158,0.746210526315789,0.820315789473684
SVHN,HdLOF-2l,0.631104105263158,0.536631578947369,0.627684210526316,0.692842105263158,0.766736842105263,0.830421052631579,0.894
SVHN,HdLOF-E2,0.679795263157895,0.434631578947368,0.489368421052632,0.555789473684211,0.648736842105263,0.724315789473684,0.812842105263158
SVHN,HdLOF-E,0.678789368421053,0.438631578947368,0.494105263157895,0.557578947368421,0.648105263157895,0.726,0.812105263157895
SVHN,LOF,0.632056346245642,0.521007414381546,0.592444392138402,0.647758032246675,0.704366246910674,0.785689066729434,0.867835706720019
SVHN,CBLOF,0.585556581491191,0.604919383311757,0.652465576085677,0.695774979404496,0.741673531834765,0.806637636812993,0.90467223726021
SVHN,HBOS,0.528040295311492,0.620336589384489,0.675297163704837,0.746381075673767,0.783688360597858,0.852771566435213,0.92962221960692
SVHN,COPOD,0.560547096632869,0.591032128986701,0.659997646228081,0.715782040720254,0.780040014122632,0.828998470048252,0.912321995998588
SVHN,ECOD,0.57034737092365,0.599034953513005,0.650582558550077,0.709191479345651,0.760503707190773,0.841826527009533,0.90514299164411
SVHN,IForest,0.572562917982107,0.61103919030246,0.666235141814758,0.704366246910674,0.760386018594798,0.844886430504884,0.914087324938214
SVHN,HdLOF,0.634904173311333,0.510180063551842,0.566788278215841,0.639402141932447,0.725667882782158,0.799223255266565,0.879369189125574
SVHN,HdLOF-2l,0.58836873337846,0.584559256208074,0.666352830410733,0.710956808285277,0.769212663292927,0.816170413086972,0.895492526774156
SVHN,HdLOF-E2,0.636779292283446,0.515946804754619,0.572790396610568,0.650347181358126,0.720960338943156,0.78792515005296,0.868424149699894
SVHN,HdLOF-E,0.63621823099033,0.522419677533247,0.573614216782394,0.648817229610451,0.722137224902907,0.790043544780511,0.868777215487819
SVHN,LOF,0.604766625073199,0.547868061142397,0.611155805846071,0.640252078305176,0.719361759184768,0.821802091713596,0.912577098417806
SVHN,CBLOF,0.597190525445899,0.579914186108876,0.649503888441942,0.720434432823813,0.789890050951998,0.861491016358273,0.919817645481362
SVHN,HBOS,0.596063807663049,0.609412711182623,0.694824349691606,0.738267632072942,0.799812282113167,0.875838026280504,0.943282381335479
SVHN,COPOD,0.599459011279492,0.594529364440869,0.658085277554304,0.727540895682489,0.819790828640386,0.87905604719764,0.931617055510861
SVHN,ECOD,0.600368868384039,0.603781174577635,0.643470099222312,0.733306516492357,0.799275945293644,0.869536068651113,0.929739876642532
SVHN,IForest,0.601410415332666,0.578037007240547,0.620407615982837,0.707026012335747,0.772325020112631,0.835076427996782,0.904666130329847
SVHN,HdLOF,0.607710320652799,0.549074818986323,0.594529364440869,0.658219361759185,0.694690265486726,0.784660766961652,0.892330383480826
SVHN,HdLOF-2l,0.606979698556816,0.569991954947707,0.615044247787611,0.686511128989005,0.803298471440064,0.854116385089836,0.909627245910432
SVHN,HdLOF-E2,0.613067873971793,0.545320461249665,0.595736122284795,0.635425046929472,0.696969696969697,0.791364977205685,0.879994636631805
SVHN,HdLOF-E,0.612198378949327,0.548002145347278,0.597211048538482,0.637570394207562,0.698980960042907,0.785197103781175,0.880128720836686
SVHN,LOF,0.663083775274116,0.502615518744551,0.56684103458297,0.623365300784656,0.689189189189189,0.75297878523685,0.846846846846847
SVHN,CBLOF,0.632523630384974,0.522958442313281,0.580063934902645,0.646614356291776,0.738593432141819,0.820982272595176,0.887096774193548
SVHN,HBOS,0.534777247395319,0.62496367335077,0.660127869805289,0.711566405114792,0.77332170880558,0.824469630921244,0.908311537343795
SVHN,COPOD,0.586576239401048,0.576721883173496,0.630194710839872,0.666811973263586,0.740482417901773,0.785527462946818,0.860069747166521
SVHN,ECOD,0.600040782183003,0.56974716652136,0.589944783493171,0.662452775356001,0.703865155478059,0.803254867770997,0.866753850624818
SVHN,IForest,0.610586749643959,0.5350188898576,0.598663179308341,0.652281313571636,0.722464399883755,0.793083405986632,0.870095902353967
SVHN,HdLOF,0.663333847124615,0.494768962510898,0.546062191223482,0.624527753560012,0.681052019761697,0.752542865446091,0.852949723917466
SVHN,HdLOF-2l,0.631144421912556,0.536617262423714,0.579046788724208,0.6512641673932,0.729875036326649,0.805434466724789,0.878814298169137
SVHN,HdLOF-E2,0.667987672220429,0.493315896541703,0.542574832897414,0.623946527172334,0.675675675675676,0.747311827956989,0.849607672188317
SVHN,HdLOF-E,0.667112220043961,0.493461203138623,0.54649811101424,0.627433885498402,0.677128741644871,0.748910200523104,0.851351351351351
SVHN,LOF,0.582082192702632,0.584599266631744,0.672428845818055,0.732495198184041,0.772481229264886,0.845119608870264,0.92613933996857
SVHN,CBLOF,0.558911654127706,0.657936092194866,0.713986380303824,0.773878121180374,0.811943425877423,0.894709271870089,0.941505151038938
SVHN,HBOS,0.478163992094334,0.733368255631221,0.766719050113498,0.823293172690763,0.859437751004016,0.905709795704557,0.947441941679763
SVHN,COPOD,0.511475919567335,0.706128863279204,0.760083813514929,0.813514929282347,0.860660031430068,0.897153832722193,0.925091671031954
SVHN,ECOD,0.521467061369847,0.722193120307316,0.764798323729702,0.794482276933822,0.852977125894884,0.889645538676445,0.931552296141086
SVHN,IForest,0.542316601375892,0.679064082416623,0.739828880740353,0.80024445608521,0.830277632268203,0.874454339095513,0.909027414003842
SVHN,HdLOF,0.583040525528374,0.58913916535708,0.664396717303999,0.717827833071416,0.772655840754322,0.832722193120307,0.925615505500262
SVHN,HdLOF-2l,0.55432302661462,0.657237646237122,0.713462545835516,0.773354286712066,0.827483848437227,0.896804609743321,0.943076654443863
SVHN,HdLOF-E2,0.597646109499387,0.601361969617601,0.656539200279378,0.71590710668762,0.763750654793085,0.819277108433735,0.900820674000349
SVHN,HdLOF-E,0.596929390246237,0.603981141959141,0.654618473895582,0.71590710668762,0.765845992666318,0.820150165880915,0.900296839532041
SVHN,LOF,0.66303672496702,0.450759606791778,0.514745308310992,0.571403038427167,0.641108132260947,0.756925826630921,0.82627345844504
SVHN,CBLOF,0.649485996364587,0.501697944593387,0.580875781948168,0.627167113494191,0.672564789991063,0.763538873994638,0.86112600536193
SVHN,HBOS,0.601812235171102,0.586773905272565,0.641465594280608,0.699016979445934,0.769258266309205,0.824843610366399,0.899374441465594
SVHN,COPOD,0.630067540868001,0.535299374441466,0.603217158176944,0.667381590705988,0.720285969615728,0.79088471849866,0.874530831099196
SVHN,ECOD,0.638451484257689,0.504915102770331,0.586237712243074,0.668275245755139,0.71295799821269,0.763181411974978,0.85236818588025
SVHN,IForest,0.63422273288225,0.52135835567471,0.574620196604111,0.623592493297587,0.688114387846291,0.776228775692583,0.8437890974084
SVHN,HdLOF,0.666412552509833,0.450044682752458,0.49544235924933,0.571045576407507,0.641286863270777,0.711885612153709,0.836282394995532
SVHN,HdLOF-2l,0.645488257858997,0.516890080428955,0.578194816800715,0.650759606791778,0.690616621983914,0.771760500446828,0.8609472743521
SVHN,HdLOF-E2,0.659101603107731,0.454870420017873,0.518856121537087,0.583378016085791,0.630384271671135,0.707774798927614,0.818051831992851
SVHN,HdLOF-E,0.659137166931116,0.455227882037534,0.519213583556747,0.583199285075961,0.635924932975871,0.708847184986595,0.819839142091153
SVHN,LOF,0.626058305439722,0.518334985133796,0.569672943508424,0.662834489593657,0.755401387512389,0.821209117938553,0.904459861248761
SVHN,CBLOF,0.575111543280289,0.608325074331021,0.669970267591675,0.749653121902874,0.814667988107037,0.888404360753221,0.922299306243806
SVHN,HBOS,0.459066140583802,0.713776015857285,0.762338949454906,0.796432111000991,0.868780971258672,0.914568880079286,0.954013875123885
SVHN,COPOD,0.499293528058792,0.721902874132805,0.751437066402379,0.791674925668979,0.845986124876115,0.896927651139742,0.950445986124876
SVHN,ECOD,0.514703517400004,0.688999008919723,0.743706640237859,0.778196233894946,0.838453914767096,0.890584737363727,0.933994053518335
SVHN,IForest,0.516875666174243,0.681665014866204,0.720317145688801,0.782953419226957,0.850148662041625,0.886620416253717,0.936372646184341
SVHN,HdLOF,0.62763580604746,0.504261645193261,0.559167492566898,0.683052527254708,0.737363726461843,0.816848364717542,0.907036669970268
SVHN,HdLOF-2l,0.564279222843465,0.638652130822597,0.67195242814668,0.727254707631318,0.828543111992071,0.900495540138751,0.934192269573836
SVHN,HdLOF-E2,0.632780073676534,0.481466798810704,0.570069375619425,0.63211100099108,0.715758176412289,0.82378592666006,0.907036669970268
SVHN,HdLOF-E,0.632700413261776,0.485232903865213,0.572646184340932,0.631516352824579,0.716551040634291,0.824380574826561,0.906838453914767
SVHN,LOF,0.592662873262634,0.602275166344709,0.659368963296845,0.724404378622022,0.780424983902125,0.823138012449023,0.923159476282464
SVHN,CBLOF,0.556056962385727,0.685769478428847,0.714960291908135,0.765829577162481,0.846962867568148,0.913930027902984,0.949130714745654
SVHN,HBOS,0.458633936510857,0.750160978750805,0.822279459111397,0.849967804249839,0.888388066108607,0.925735136295342,0.965872504829363
SVHN,COPOD,0.500363133018823,0.725692208628461,0.774844387207555,0.835157759175789,0.862202189311011,0.91908134792874,0.946555054732775
SVHN,ECOD,0.517809287269319,0.689632968448165,0.74801459540674,0.794591113972956,0.848465335908993,0.897188237819275,0.936252414681262
SVHN,IForest,0.515837242817282,0.712599270229663,0.744580382056235,0.813908564069543,0.885597767761322,0.92466194462331,0.958574801459541
SVHN,HdLOF,0.594700185289827,0.578235672891178,0.635973384846534,0.721184803605924,0.783429920583816,0.874221936037776,0.932174286327538
SVHN,HdLOF-2l,0.555015747445147,0.694355011805108,0.758317235458253,0.796308220648208,0.849967804249839,0.898046791156901,0.944623309723117
SVHN,HdLOF-E2,0.604565663999019,0.56514273449238,0.617299849753166,0.684696286756815,0.763683193818416,0.8388066108607,0.923588752951277
SVHN,HdLOF-E,0.604265608368267,0.567718394505259,0.614509551405881,0.684481648422408,0.766473492165701,0.839450525863919,0.92401802962009
amazon,LOF,0.576216947368421,0.586315789473684,0.628947368421053,0.669052631578947,0.723894736842105,0.791894736842105,0.875894736842105
amazon,CBLOF,0.569408631578947,0.585473684210526,0.634,0.694105263157895,0.756210526315789,0.808842105263158,0.866105263157895
amazon,HBOS,0.563862105263158,0.612421052631579,0.664421052631579,0.706947368421053,0.764631578947368,0.821263157894737,0.891684210526316
amazon,COPOD,0.570222526315789,0.592421052631579,0.651368421052632,0.704105263157895,0.753157894736842,0.818631578947368,0.885894736842105
amazon,ECOD,0.541103789473684,0.648947368421053,0.698526315789474,0.741789473684211,0.788736842105263,0.847684210526316,0.927157894736842
amazon,IForest,0.574716210526316,0.578105263157895,0.624315789473684,0.697368421052632,0.750421052631579,0.812421052631579,0.900526315789474
amazon,HdLOF,0.574299052631579,0.578947368421053,0.627684210526316,0.672526315789474,0.733368421052632,0.802842105263158,0.890842105263158
amazon,HdLOF-2l,0.611817473684211,0.528105263157895,0.571368421052632,0.604421052631579,0.660105263157895,0.722631578947368,0.812947368421053
amazon,HdLOF-E2,0.572477473684211,0.563578947368421,0.630210526315789,0.681789473684211,0.761684210526316,0.815368421052632,0.895894736842105
amazon,HdLOF-E,0.571266105263158,0.564631578947368,0.630421052631579,0.684105263157895,0.765578947368421,0.815157894736842,0.893789473684211
campaign,LOF,0.62451187243606,0.530945605778702,0.578225894713801,0.640445441611032,0.703567910692788,0.808826748385685,0.901882455948342
campaign,CBLOF,0.711857617332709,0.426972748166794,0.503693772573055,0.578362701105396,0.656725402210791,0.733200175112181,0.808799387107366
campaign,HBOS,0.758584491981259,0.321713910473897,0.380294407354712,0.459423224253037,0.552260041589143,0.658093466126738,0.780343657655686
campaign,COPOD,0.783017137595151,0.298320017511218,0.344095436138776,0.402730655576229,0.485170187151144,0.581646054503667,0.692513954251943
campaign,ECOD,0.769664102568941,0.319442924373427,0.380020794571522,0.447247455401116,0.514857174127175,0.600169639925577,0.727919448396629
campaign,IForest,0.706104342470742,0.416630184962241,0.482817117215716,0.555160337090949,0.63516471489548,0.724034146875342,0.827760752982379
campaign,HdLOF,0.622423216233352,0.527087665535734,0.581509248112072,0.648106599540331,0.718315639706687,0.802752544598884,0.902648571741272
campaign,HdLOF-2l,0.736956981819846,0.357858159133195,0.408312356353289,0.480217795775419,0.583123563532888,0.688902265513845,0.81988070482653
campaign,HdLOF-E2,0.603490237684594,0.566296377366751,0.617297800153223,0.674072452664989,0.725019152894823,0.786281055050892,0.868310167451023
campaign,HdLOF-E,0.593910263970291,0.575872824778374,0.628433840429025,0.686138776403634,0.735252270986101,0.79268359417752,0.870143373098391
backdoor,LOF,0.738038130722032,0.369709677419355,0.489,0.57658064516129,0.731537634408602,0.860731182795699,0.944709677419355
backdoor,CBLOF,0.668815491442633,0.661268817204301,0.733709677419355,0.785752688172043,0.84305376344086,0.921430107526882,0.959645161290323
backdoor,HBOS,0.699118198774683,0.372602150537634,0.399344086021505,0.50352688172043,0.564483870967742,0.745118279569893,0.942849462365591
backdoor,COPOD,0.789288494300475,0.232301075268817,0.262537634408602,0.298806451612903,0.365795698924731,0.484204301075269,0.790247311827957
backdoor,ECOD,0.846237741058279,0.128956989247312,0.140752688172043,0.156698924731183,0.196043010752688,0.344956989247312,0.665698924731183
backdoor,IForest,0.768531489355808,0.235870967741935,0.260709677419355,0.310720430107527,0.354430107526882,0.401935483870968,0.716139784946237
backdoor,HdLOF,0.753639632589556,0.330290322580645,0.430989247311828,0.549268817204301,0.682935483870968,0.869634408602151,0.958612903225807
backdoor,HdLOF-2l,0.771962744174666,0.35205376344086,0.439505376344086,0.535806451612903,0.64989247311828,0.729150537634409,0.813075268817204
backdoor,HdLOF-E2,0.72127610954907,0.375451612903226,0.47389247311828,0.59010752688172,0.69610752688172,0.834924731182796,0.957322580645161
backdoor,HdLOF-E,0.758302070204112,0.311806451612903,0.417881720430108,0.54689247311828,0.657677419354839,0.824311827956989,0.956236559139785
yelp,LOF,0.667336736842105,0.461263157894737,0.515789473684211,0.564315789473684,0.645473684210526,0.736526315789474,0.841894736842105
yelp,CBLOF,0.641037684210526,0.480842105263158,0.537578947368421,0.591789473684211,0.684315789473684,0.755368421052632,0.842105263157895
yelp,HBOS,0.599063578947368,0.570631578947368,0.616526315789474,0.672105263157895,0.728105263157895,0.809473684210526,0.884210526315789
yelp,COPOD,0.605467578947369,0.560842105263158,0.613368421052632,0.658842105263158,0.733894736842105,0.801473684210526,0.866210526315789
yelp,ECOD,0.577940210526316,0.592631578947368,0.653157894736842,0.685052631578947,0.759368421052632,0.808631578947368,0.891894736842105
yelp,IForest,0.603377052631579,0.543578947368421,0.599263157894737,0.664526315789474,0.735578947368421,0.802526315789474,0.872210526315789
yelp,HdLOF,0.660488421052632,0.458421052631579,0.508736842105263,0.59421052631579,0.676736842105263,0.746736842105263,0.857578947368421
yelp,HdLOF-2l,0.675941368421053,0.450210526315789,0.494736842105263,0.536842105263158,0.604842105263158,0.673052631578947,0.760842105263158
yelp,HdLOF-E2,0.655556736842105,0.480105263157895,0.537894736842105,0.589684210526316,0.661052631578947,0.758105263157895,0.847578947368421
yelp,HdLOF-E,0.655117263157895,0.479578947368421,0.539473684210526,0.59221052631579,0.657368421052632,0.759684210526316,0.848
ALOI,LOF,0.776305649150477,0.284054470495149,0.336505226335735,0.388414608753592,0.452317494690376,0.541810685878483,0.677133219506101
ALOI,CBLOF,0.558339365469699,0.611981010286095,0.660413109565652,0.719526922916754,0.791154791154791,0.851934368883522,0.912568192229209
ALOI,HBOS,0.521552373101175,0.653833340274018,0.698059384500062,0.781680756257028,0.956960812893016,0.956960812893016,0.956960812893016
ALOI,COPOD,0.515197987363388,0.679215424978137,0.73668429600633,0.789988756090451,0.845063090825803,0.883937866988715,0.936680131595386
ALOI,ECOD,0.530500112615834,0.666451505434556,0.713675925540332,0.783658851455462,0.838754008245534,0.886228293007954,0.940240702952567
ALOI,IForest,0.543488021132673,0.636342814308916,0.684316828384625,0.734081539166285,0.786490650897431,0.861491692000167,0.926623079165452
ALOI,HdLOF,0.770464068644957,0.296027151959355,0.35243409819681,0.410673385249656,0.471827759963353,0.559988339649357,0.690688377129055
ALOI,HdLOF-2l,0.62942686134533,0.505434556282014,0.558926414858618,0.626514804480906,0.707720817890309,0.797692916336984,0.901386748844376
ALOI,HdLOF-E2,0.824622812897214,0.20661724899013,0.241452546537292,0.29802606921251,0.366447341023612,0.4699329529838,0.631512097613793
ALOI,HdLOF-E,0.820281773488962,0.214800316495232,0.247719985008121,0.29804689126723,0.368592012659809,0.480177403906218,0.640507225252988
speech,LOF,0.508730356133409,0.711448275862069,0.730758620689655,0.768,0.845793103448276,0.907862068965517,0.966344827586207
speech,CBLOF,0.469472018089316,0.729103448275862,0.764137931034483,0.788965517241379,0.903172413793103,0.917793103448276,0.976
speech,HBOS,0.473912945166761,0.720827586206897,0.761931034482759,0.796137931034483,0.906758620689655,0.914206896551724,0.972137931034483
speech,COPOD,0.491133973996608,0.692965517241379,0.735172413793104,0.835310344827586,0.859586206896552,0.935448275862069,0.950344827586207
speech,ECOD,0.469711701526286,0.717793103448276,0.748413793103448,0.792551724137931,0.910896551724138,0.923034482758621,0.978206896551724
speech,IForest,0.476988128886377,0.767724137931034,0.823448275862069,0.831724137931035,0.883586206896552,0.901241379310345,0.940689655172414
speech,HdLOF,0.527244771057094,0.707034482758621,0.723586206896552,0.783724137931035,0.824275862068966,0.85351724137931,0.941793103448276
speech,HdLOF-2l,0.508260033917467,0.714758620689655,0.737379310344828,0.777103448275862,0.850758620689655,0.912,0.975172413793104
speech,HdLOF-E2,0.596289429055964,0.627034482758621,0.680275862068966,0.734896551724138,0.781241379310345,0.836137931034483,0.87751724137931
speech,HdLOF-E,0.60279932165065,0.600275862068966,0.684413793103448,0.719724137931035,0.783172413793103,0.836965517241379,0.879724137931034
creditcard,LOF,0.515362640973191,0.696593566994355,0.737861175105077,0.766076358968046,0.827877530204175,0.890237940312681,0.953347519476637
creditcard,CBLOF,0.951314563072648,0.0151416562615409,0.0180715051967008,0.0213003183089179,0.0354712203014262,0.084125002198266,0.351455252097146
creditcard,HBOS,0.95387439558408,0.0121168422348452,0.0175368869036104,0.0231292756273851,0.0539507236691698,0.14079454126585,0.341410055748026
creditcard,COPOD,0.947676708059837,0.00985526616604822,0.0118600847651373,0.0140689024497476,0.0336668835622461,0.156277368411797,0.333359126321158
creditcard,ECOD,0.949401628418268,0.0116736718076781,0.0150326222675554,0.0211033536746215,0.0500114309832404,0.123236551008564,0.356199989448323
creditcard,IForest,0.945072509893627,0.0178815750136293,0.0213530766931045,0.0282679422471554,0.0585477375446248,0.145764381056223,0.384165450292809
creditcard,HdLOF,0.52322451952339,0.70075796211948,0.742043156358265,0.786912403496122,0.825883263281923,0.88141673847669,0.945507623586515
creditcard,HdLOF-2l,0.954898633843803,0.0092151311045847,0.0128554596134569,0.0188734326363365,0.0331815064277298,0.123282274941526,0.302062852821694
creditcard,HdLOF-E2,0.516061778924069,0.683527073844152,0.743798251938871,0.794801540544818,0.851249494398818,0.903775741694951,0.94397059599388
creditcard,HdLOF-E,0.52049084527653,0.685915270034996,0.739630339588133,0.800633100610239,0.852322248210611,0.906111179501609,0.94381232084132
9_census,LOF,0.587264391563717,0.518376158194908,0.559214440165719,0.601741255428065,0.855829892738951,0.901324109334312,0.943697745416202
9_census,CBLOF,0.662339043986699,0.455846991810257,0.486233466444854,0.519558843960287,0.556553397193615,0.594958623809744,0.65416772051568
9_census,HBOS,0.60574155212246,0.505968644577991,0.528763844013722,0.550091373162295,0.571440276150002,0.599824734519107,0.66349383899087
9_census,COPOD,0.674038501219343,0.420615780305432,0.450019058339894,0.477712429243687,0.510161479354653,0.546956543422735,0.617753823245475
9_census,ECOD,0.659519388203953,0.43897590812099,0.466138495352971,0.493724997061097,0.529440682252945,0.572362913539258,0.62995116077758
9_census,IForest,0.602599562373176,0.518012802929641,0.548687824392538,0.583612677536451,0.615598627799528,0.658488798327141,0.717355913606942
9_census,HdLOF,0.590952209916756,0.520274867571255,0.563314654972802,0.603689837095723,0.645479254907968,0.905862487843629,0.945033610362037
9_census,HdLOF-2l,0.673676867345462,0.445840472789322,0.479066105722133,0.512533975498456,0.543258869252664,0.585710876078043,0.644022271540377
9_census,HdLOF-E2,0.609036934103762,0.508871924393606,0.552617048486554,0.598919908662461,0.654566698846169,0.861558081626692,0.948168440101597
9_census,HdLOF-E,0.596647825225605,0.519231111760243,0.561091775702932,0.6029168165804,0.651716853628387,0.82425360772593,0.949621861162666
